# source: Vasconcelos, Wright and Roe (2006) Fig. 6 -- raster image vasconcelos2006_p07_Im6.tiff extracted from the
#   publisher PDF at native resolution (see results/_p6/figures_native/).
# quantity: pressure head (m) at x = 14.1 m, SI.  time zero = the event.
# note: model markers and the experimental line are inseparable before ~41 s (the paper reports agreement over the first 40 s); the band centreline is digitized and the trace is cut at 41 s, past which the band is model-only (air-cavity intrusion, out of scope)
# x calibration (px -> s):   111.5 -> 0.0   873.0 -> 50.0  (axis box = axis limits)
# y calibration (px -> val): 131.5 -> 0.4   719.0 -> 0.0  (axis box = axis limits)
# open model markers removed by hole-filling; per-column longest ink run.
# digitized 2026-08-31 by scripts/digitize/vasconcelos_bilevel.py fig6_e3_p141
time_s,head_m
0.1641,0.30162
0.2298,0.30094
0.2955,0.30094
0.3611,0.30060
0.4268,0.30026
0.4924,0.29957
0.5581,0.29889
0.6238,0.29923
0.6894,0.29889
0.7551,0.29889
0.8207,0.29889
0.8864,0.29889
0.9521,0.29889
1.0177,0.29889
1.0834,0.29889
1.1490,0.29889
1.2147,0.29923
1.2804,0.29889
1.3460,0.29889
1.4117,0.29855
1.4773,0.29855
1.5430,0.29889
1.6087,0.29889
1.6743,0.29889
1.7400,0.29889
1.8056,0.29889
1.8713,0.29889
1.9370,0.29889
2.0026,0.29889
2.0683,0.29889
2.1339,0.29889
2.1996,0.29855
2.2653,0.29787
2.3309,0.29719
2.3966,0.29685
2.4622,0.29685
2.5279,0.29685
2.5936,0.29651
2.6592,0.29617
2.7249,0.29583
2.7905,0.29583
2.8562,0.29583
2.9219,0.29549
2.9875,0.29515
3.0532,0.29481
3.1188,0.29447
3.1845,0.29413
3.2502,0.29379
3.3158,0.29345
3.3815,0.29277
3.4471,0.29277
3.5128,0.29209
3.5785,0.29174
3.6441,0.29106
3.7098,0.29072
3.7754,0.29038
3.8411,0.29004
3.9068,0.28970
3.9724,0.28936
4.0381,0.28868
4.1037,0.28766
4.1694,0.28698
4.2351,0.28698
4.3007,0.28664
4.3664,0.28596
4.4320,0.28528
4.4977,0.28460
4.5634,0.28426
4.6290,0.28391
4.6947,0.28357
4.7603,0.28255
4.8260,0.28221
4.8917,0.28119
4.9573,0.28051
5.0230,0.27949
5.0886,0.27915
5.1543,0.27847
5.2200,0.27847
5.2856,0.27779
5.3513,0.27745
5.4169,0.27677
5.4826,0.27643
5.5483,0.27540
5.6139,0.27472
5.6796,0.27336
5.7452,0.27302
5.8109,0.27200
5.8766,0.27166
5.9422,0.27098
6.0079,0.27064
6.0735,0.26928
6.1392,0.26894
6.2049,0.26860
6.2705,0.26791
6.3362,0.26757
6.4018,0.26689
6.4675,0.26621
6.5332,0.26553
6.5988,0.26451
6.6645,0.26383
6.7301,0.26383
6.7958,0.26281
6.8615,0.26213
6.9271,0.26145
6.9928,0.26043
7.0584,0.25974
7.1241,0.25872
7.1898,0.25872
7.2554,0.25804
7.3211,0.25770
7.3867,0.25702
7.4524,0.25634
7.5181,0.25566
7.5837,0.25430
7.6494,0.25362
7.7150,0.25362
7.7807,0.25362
7.8464,0.25260
7.9120,0.25191
7.9777,0.25123
8.0433,0.25021
8.1090,0.24953
8.1747,0.24953
8.2403,0.24851
8.3060,0.24851
8.3716,0.24783
8.4373,0.24749
8.5030,0.24681
8.5686,0.24613
8.6343,0.24511
8.6999,0.24511
8.7656,0.24477
8.8313,0.24443
8.8969,0.24409
8.9626,0.24340
9.0282,0.24272
9.0939,0.24272
9.1596,0.24306
9.2252,0.24136
9.2909,0.24102
9.3565,0.24068
9.4222,0.24068
9.4879,0.24068
9.5535,0.24034
9.6192,0.23932
9.6848,0.23898
9.7505,0.23864
9.8162,0.23864
9.8818,0.23864
9.9475,0.23864
10.0131,0.23796
10.0788,0.23762
10.1445,0.23728
10.2101,0.23762
10.2758,0.23762
10.3414,0.23626
10.4071,0.23591
10.4728,0.23557
10.5384,0.23557
10.6041,0.23523
10.6697,0.23523
10.7354,0.23557
10.8011,0.23523
10.8667,0.23557
10.9324,0.23591
10.9980,0.23523
11.0637,0.23523
11.1293,0.23489
11.1950,0.23455
11.2607,0.23421
11.3263,0.23421
11.3920,0.23387
11.4576,0.23353
11.5233,0.23353
11.5890,0.23319
11.6546,0.23319
11.7203,0.23353
11.7859,0.23319
11.8516,0.23319
11.9173,0.23319
11.9829,0.23319
12.0486,0.23319
12.1142,0.23319
12.1799,0.23319
12.2456,0.23319
12.3112,0.23319
12.3769,0.23319
12.4425,0.23319
12.5082,0.23319
12.5739,0.23319
12.6395,0.23319
12.7052,0.23285
12.7708,0.23319
12.8365,0.23319
12.9022,0.23319
12.9678,0.23319
13.0335,0.23319
13.0991,0.23319
13.1648,0.23285
13.2305,0.23285
13.2961,0.23319
13.3618,0.23319
13.4274,0.23319
13.4931,0.23319
13.5588,0.23319
13.6244,0.23319
13.6901,0.23319
13.7557,0.23319
13.8214,0.23319
13.8871,0.23319
13.9527,0.23251
14.0184,0.23251
14.0840,0.23217
14.1497,0.23217
14.2154,0.23217
14.2810,0.23183
14.3467,0.23149
14.4123,0.23115
14.4780,0.23115
14.5437,0.23081
14.6093,0.23115
14.6750,0.23115
14.7406,0.23115
14.8063,0.23081
14.8720,0.23115
14.9376,0.23081
15.0033,0.23047
15.0689,0.22979
15.1346,0.22945
15.2003,0.22911
15.2659,0.22911
15.3316,0.22911
15.3972,0.22911
15.4629,0.22911
15.5286,0.22843
15.5942,0.22809
15.6599,0.22774
15.7255,0.22774
15.7912,0.22740
15.8569,0.22604
15.9225,0.22570
15.9882,0.22570
16.0538,0.22536
16.1195,0.22536
16.1852,0.22468
16.2508,0.22400
16.3165,0.22332
16.3821,0.22332
16.4478,0.22332
16.5135,0.22264
16.5791,0.22196
16.6448,0.22162
16.7104,0.22128
16.7761,0.22128
16.8418,0.22060
16.9074,0.21991
16.9731,0.21889
17.0387,0.21821
17.1044,0.21753
17.1701,0.21719
17.2357,0.21719
17.3014,0.21685
17.3670,0.21583
17.4327,0.21515
17.4984,0.21481
17.5640,0.21447
17.6297,0.21379
17.6953,0.21345
17.7610,0.21277
17.8267,0.21174
17.8923,0.21140
17.9580,0.21038
18.0236,0.20970
18.0893,0.20868
18.1550,0.20834
18.2206,0.20766
18.2863,0.20732
18.3519,0.20732
18.4176,0.20664
18.4833,0.20630
18.5489,0.20528
18.6146,0.20426
18.6802,0.20357
18.7459,0.20289
18.8116,0.20153
18.8772,0.20119
18.9429,0.20017
19.0085,0.19949
19.0742,0.19949
19.1399,0.19949
19.2055,0.19915
19.2712,0.19847
19.3368,0.19779
19.4025,0.19643
19.4682,0.19574
19.5338,0.19506
19.5995,0.19370
19.6651,0.19336
19.7308,0.19268
19.7965,0.19098
19.8621,0.19064
19.9278,0.18996
19.9934,0.18962
20.0591,0.18962
20.1248,0.18996
20.1904,0.18860
20.2561,0.18826
20.3217,0.18723
20.3874,0.18655
20.4531,0.18553
20.5187,0.18485
20.5844,0.18451
20.6500,0.18383
20.7157,0.18315
20.7814,0.18281
20.8470,0.18213
20.9127,0.18179
20.9783,0.18111
21.0440,0.18111
21.1097,0.18111
21.1753,0.17974
21.2410,0.17940
21.3066,0.17872
21.3723,0.17872
21.4380,0.17804
21.5036,0.17736
21.5693,0.17702
21.6349,0.17702
21.7006,0.17668
21.7663,0.17600
21.8319,0.17532
21.8976,0.17498
21.9632,0.17498
22.0289,0.17498
22.0946,0.17464
22.1602,0.17362
22.2259,0.17362
22.2915,0.17294
22.3572,0.17260
22.4228,0.17260
22.4885,0.17260
22.5542,0.17157
22.6198,0.17123
22.6855,0.17055
22.7511,0.17055
22.8168,0.17055
22.8825,0.17055
22.9481,0.17055
23.0138,0.16987
23.0794,0.16953
23.1451,0.16953
23.2108,0.16953
23.2764,0.16885
23.3421,0.16851
23.4077,0.16851
23.4734,0.16885
23.5391,0.16851
23.6047,0.16851
23.6704,0.16817
23.7360,0.16783
23.8017,0.16783
23.8674,0.16749
23.9330,0.16783
23.9987,0.16783
24.0643,0.16749
24.1300,0.16749
24.1957,0.16783
24.2613,0.16749
24.3270,0.16749
24.3926,0.16749
24.4583,0.16749
24.5240,0.16749
24.5896,0.16715
24.6553,0.16749
24.7209,0.16783
24.7866,0.16749
24.8523,0.16749
24.9179,0.16715
24.9836,0.16681
25.0492,0.16579
25.1149,0.16647
25.1806,0.16613
25.2462,0.16579
25.3119,0.16545
25.3775,0.16545
25.4432,0.16545
25.5089,0.16545
25.5745,0.16545
25.6402,0.16545
25.7058,0.16545
25.7715,0.16545
25.8372,0.16545
25.9028,0.16545
25.9685,0.16545
26.0341,0.16545
26.0998,0.16545
26.1655,0.16545
26.2311,0.16545
26.2968,0.16545
26.3624,0.16545
26.4281,0.16545
26.4938,0.16545
26.5594,0.16545
26.6251,0.16545
26.6907,0.16545
26.7564,0.16545
26.8221,0.16545
26.8877,0.16545
26.9534,0.16545
27.0190,0.16511
27.0847,0.16511
27.1504,0.16443
27.2160,0.16374
27.2817,0.16340
27.3473,0.16340
27.4130,0.16306
27.4787,0.16272
27.5443,0.16272
27.6100,0.16306
27.6756,0.16306
27.7413,0.16272
27.8070,0.16204
27.8726,0.16170
27.9383,0.16136
28.0039,0.16102
28.0696,0.16068
28.1353,0.16034
28.2009,0.16000
28.2666,0.16000
28.3322,0.15966
28.3979,0.15932
28.4636,0.15898
28.5292,0.15898
28.5949,0.15864
28.6605,0.15830
28.7262,0.15762
28.7919,0.15796
28.8575,0.15796
28.9232,0.15728
28.9888,0.15660
29.0545,0.15591
29.1202,0.15557
29.1858,0.15489
29.2515,0.15455
29.3171,0.15421
29.3828,0.15353
29.4485,0.15387
29.5141,0.15353
29.5798,0.15319
29.6454,0.15251
29.7111,0.15149
29.7768,0.15047
29.8424,0.14945
29.9081,0.14911
29.9737,0.14774
30.0394,0.14774
30.1051,0.14740
30.1707,0.14740
30.2364,0.14706
30.3020,0.14672
30.3677,0.14536
30.4334,0.14502
30.4990,0.14468
30.5647,0.14400
30.6303,0.14332
30.6960,0.14264
30.7617,0.14162
30.8273,0.14128
30.8930,0.14094
30.9586,0.13991
31.0243,0.13923
31.0900,0.13855
31.1556,0.13753
31.2213,0.13719
31.2869,0.13651
31.3526,0.13617
31.4183,0.13549
31.4839,0.13549
31.5496,0.13447
31.6152,0.13379
31.6809,0.13277
31.7466,0.13209
31.8122,0.13140
31.8779,0.13072
31.9435,0.12970
32.0092,0.12902
32.0749,0.12868
32.1405,0.12834
32.2062,0.12834
32.2718,0.12800
32.3375,0.12732
32.4032,0.12596
32.4688,0.12562
32.5345,0.12460
32.6001,0.12426
32.6658,0.12357
32.7315,0.12323
32.7971,0.12221
32.8628,0.12221
32.9284,0.12221
32.9941,0.12153
33.0598,0.12119
33.1254,0.11983
33.1911,0.11983
33.2567,0.11813
33.3224,0.11711
33.3880,0.11711
33.4537,0.11711
33.5194,0.11677
33.5850,0.11643
33.6507,0.11574
33.7163,0.11540
33.7820,0.11540
33.8477,0.11472
33.9133,0.11404
33.9790,0.11370
34.0446,0.11302
34.1103,0.11268
34.1760,0.11268
34.2416,0.11268
34.3073,0.11132
34.3729,0.11132
34.4386,0.11064
34.5043,0.11030
34.5699,0.11030
34.6356,0.11064
34.7012,0.11030
34.7669,0.10962
34.8326,0.10894
34.8982,0.10826
34.9639,0.10826
35.0295,0.10791
35.0952,0.10655
35.1609,0.10621
35.2265,0.10655
35.2922,0.10689
35.3578,0.10655
35.4235,0.10621
35.4892,0.10621
35.5548,0.10655
35.6205,0.10519
35.6861,0.10485
35.7518,0.10451
35.8175,0.10451
35.8831,0.10451
35.9488,0.10451
36.0144,0.10417
36.0801,0.10383
36.1458,0.10349
36.2114,0.10315
36.2771,0.10315
36.3427,0.10315
36.4084,0.10349
36.4741,0.10281
36.5397,0.10281
36.6054,0.10213
36.6710,0.10213
36.7367,0.10247
36.8024,0.10111
36.8680,0.10111
36.9337,0.10145
36.9993,0.10145
37.0650,0.10145
37.1307,0.10111
37.1963,0.10111
37.2620,0.10111
37.3276,0.10111
37.3933,0.10111
37.4590,0.10009
37.5246,0.10009
37.5903,0.10009
37.6559,0.10009
37.7216,0.10043
37.7873,0.10077
37.8529,0.10009
37.9186,0.10009
37.9842,0.10009
38.0499,0.10009
38.1156,0.10009
38.1812,0.10009
38.2469,0.09974
38.3125,0.10009
38.3782,0.10009
38.4439,0.10009
38.5095,0.10009
38.5752,0.10009
38.6408,0.10009
38.7065,0.10009
38.7722,0.10009
38.8378,0.09940
38.9035,0.09906
38.9691,0.09838
39.0348,0.09804
39.1005,0.09804
39.1661,0.09804
39.2318,0.09770
39.2974,0.09770
39.3631,0.09804
39.4288,0.09770
39.4944,0.09770
39.5601,0.09804
39.6257,0.09804
39.6914,0.09804
39.7571,0.09872
39.8227,0.09906
39.8884,0.09906
39.9540,0.09906
40.0197,0.09906
40.0854,0.09940
40.1510,0.09974
40.2167,0.10043
40.2823,0.10077
40.3480,0.10111
40.4137,0.10213
40.4793,0.10349
40.5450,0.10383
40.6106,0.10587
40.6763,0.10655
40.7420,0.10757
40.8076,0.10519
40.8733,0.10519
40.9389,0.10519
