# fig_id	tier	generator	inputs	file	page_id	figure_no	caption	provenance
# One row per image any manual embeds. Audited by scripts/build_manual_figures.py check;
# the column contract is in that script's docstring. Keep rows sorted by fig_id.
eng_conceptual_map	synthetic	src/engine/conceptual_map.py	-	figures/png/eng_conceptual_map.png	engine_manual_ch1_conceptual_model	1-1	Compartments, processes and the formulations that represent them	-
eng_fig3_02_box_culvert	legacy	-	-	manuals/engine/figures/fig3-02-box-culvert.jpg	engine_manual_ch1_conceptual_model	1-4	Concrete box culvert	Concrete Box Culvert.png (retired user manual; converted PNG->JPEG q88 2026-09-19, photograph over 400 KB as PNG)
eng_fig3_03_storm_drain_inlet	legacy	-	-	manuals/engine/figures/fig3-03-storm-drain-inlet.png	engine_manual_ch1_conceptual_model	1-5	Storm drain inlet	Storm Drain Inlet Grate.png
eng_fig3_04_areal_depletion	legacy	-	-	manuals/engine/figures/fig3-04-areal-depletion.png	engine_manual_ch1_conceptual_model	1-6	Areal depletion curve for a natural area	Areal Depletion Curve.png
eng_fig3_05_rdii_unit_hydrograph	legacy	-	-	manuals/engine/figures/fig3-05-rdii-unit-hydrograph.png	engine_manual_ch1_conceptual_model	1-7	An RDII unit hydrograph	RDII Unit Hydrograph.png
eng_fig3_06_natural_transect	legacy	-	-	manuals/engine/figures/fig3-06-natural-transect.jpg	engine_manual_ch1_conceptual_model	1-8	Example of a natural channel transect	Natural Channel Transect.png (retired user manual; converted PNG->JPEG q88 2026-09-19, photograph over 400 KB as PNG)
eng_fig3_07_street_cross_section	legacy	-	-	manuals/engine/figures/fig3-07-street-cross-section.png	engine_manual_ch1_conceptual_model	1-9	Definitional sketch of a street cross-section	Street Cross Section.png
eng_fig3_08_dual_drainage	legacy	-	-	manuals/engine/figures/fig3-08-dual-drainage.png	engine_manual_ch1_conceptual_model	1-10	Representation of a dual drainage system	Dual Drainage System.png
eng_fig3_09_hec22_inlets	legacy	-	-	manuals/engine/figures/fig3-09-hec22-inlets.png	engine_manual_ch1_conceptual_model	1-11	HEC-22 inlets supported by SWMM	HEC22 Inlets.png
eng_fig3_10_lid_adjustment	legacy	-	-	manuals/engine/figures/fig3-10-lid-adjustment.png	engine_manual_ch1_conceptual_model	1-12	Adjustment of subcatchment parameters after LID placement	LID Parameter Adjustment.png
eng_fig3_11_surface_runoff	legacy	-	-	manuals/engine/figures/fig3-11-surface-runoff.png	engine_manual_ch1_conceptual_model	1-13	Conceptual view of surface runoff	Conceptual View of Surface Runoff.png
eng_fig3_12_two_zone_groundwater	legacy	-	-	manuals/engine/figures/fig3-12-two-zone-groundwater.png	engine_manual_ch1_conceptual_model	1-14	Two-zone groundwater model	Two-Zone Groundwater Model.png
eng_fig3_13_bioretention_cell	legacy	-	-	manuals/engine/figures/fig3-13-bioretention-cell.png	engine_manual_ch1_conceptual_model	1-15	Conceptual diagram of a bio-retention cell LID	Bio-retention Cell.png
eng_figure1_1_urban_sewershed	legacy	-	-	manuals/engine/figures/figure1_1_urban_sewershed.jpg	engine_manual	-	Urban wet weather flows	Urban Wet Weather Flows Diagram.png (retired user manual; converted PNG->JPEG q88 2026-09-19, photograph over 400 KB as PNG)
eng_hydrocouple_logo	legacy	-	-	images/hydrocouple_logo.png	-	-	-	Doxyfile PROJECT_LOGO; README.md; python/docs/index.rst
eng_object_sketch	synthetic	src/engine/object_sketch.py	-	figures/png/eng_object_sketch.png	engine_manual_ch1_conceptual_model;hydraulics_ref_ch1_overview;hydrology_ref_ch1_overview;quality_ref_ch1_overview	1-2	Objects of an OpenSWMM model	-
eng_process_flow	synthetic	src/engine/process_flow.py	-	figures/png/eng_process_flow.png	engine_manual_ch1_conceptual_model;hydraulics_ref_ch1_overview;hydrology_ref_ch1_overview;quality_ref_ch1_overview	1-3	Processes modelled by OpenSWMM	-
hydraulics_ch5_circular_theta	synthetic	src/hydraulics/ch5_xsect_gallery.py	-	figures/png/hydraulics_ch5_circular_theta.png	hydraulics_ref_ch5_cross_section	-	Definition sketch of the circular section: central angle θ	-
hydraulics_ch5_power_law	synthetic	src/hydraulics/ch5_xsect_gallery.py	-	figures/png/hydraulics_ch5_power_law.png	hydraulics_ref_ch5_cross_section	5-1	Power law cross section shape	-
hydraulics_ch5_shapes_composite	synthetic	src/hydraulics/ch5_xsect_gallery.py	-	figures/png/hydraulics_ch5_shapes_composite.png	hydraulics_ref_ch5_cross_section	5-6	Composite cross section shapes	-
hydraulics_ch5_shapes_elliptical_arch	synthetic	src/hydraulics/ch5_xsect_gallery.py	-	figures/png/hydraulics_ch5_shapes_elliptical_arch.png	hydraulics_ref_ch5_cross_section	5-4	Elliptical and arch pipe cross sectional shapes	-
hydraulics_ch5_shapes_masonry	synthetic	src/hydraulics/ch5_xsect_gallery.py	-	figures/png/hydraulics_ch5_shapes_masonry.png	hydraulics_ref_ch5_cross_section	5-5	Masonry sewer shapes	-
hydraulics_conceptual_1d2d	synthetic	src/engine/conceptual_map.py	-	figures/png/hydraulics_conceptual_1d2d.png	hydraulics_ref_ch9_two_dimensional	9-1	The one-dimensional network and the two-dimensional surface: exchange pathways	-
hydraulics_conceptual_map	synthetic	src/engine/conceptual_map.py	-	figures/png/hydraulics_conceptual_map.png	hydraulics_ref_ch1_overview	1-7	The hydraulics of this manual: the 1D network, the 2D surface and their coupling	-
hydraulics_figure3_10_placeholder	legacy	-	-	manuals/reference/hydraulics/media/media/figure3-10-placeholder.png	hydraulics_ref_ch3_dynamic_wave	3-10	Virtual junction representation of a conduit grade break	scripts/generate_placeholder_figures.py (watermarked placeholder, 2026-08-11)
hydraulics_figure3_8_placeholder	legacy	-	-	manuals/reference/hydraulics/media/media/figure3-8-placeholder.png	hydraulics_ref_ch3_dynamic_wave	3-8	Conceptual representation of the dynamic Preissmann slot	scripts/generate_placeholder_figures.py (watermarked placeholder, 2026-08-11)
hydraulics_figure4_1	legacy	-	-	manuals/reference/hydraulics/media/media/figure4-1.png	hydraulics_ref_ch4_kinematic_wave	4-1	Section factor versus area for a circular shape	EPA SWMM 5 Reference Manual Vol. II Hydraulics (2021), pandoc export
hydraulics_figure8_3_placeholder	legacy	-	-	manuals/reference/hydraulics/media/media/figure8-3-placeholder.png	hydraulics_ref_ch8_finite_volume	8-3	Hydrostatic reconstruction at a wet/dry front: an advancing front (left) and an emerged bank acting as a wall (right) (placeholder)	scripts/generate_placeholder_figures.py (watermarked placeholder, 2026-08-11)
hydraulics_figure8_4_placeholder	legacy	-	-	manuals/reference/hydraulics/media/media/figure8-4-placeholder.png	hydraulics_ref_ch8_finite_volume	8-4	Node ghost-state construction at a coupling face (placeholder)	scripts/generate_placeholder_figures.py (watermarked placeholder, 2026-08-11)
hydraulics_figure9_2_placeholder	legacy	-	-	manuals/reference/hydraulics/media/media/figure9-2-placeholder.png	hydraulics_ref_ch9_two_dimensional	9-3	Wetting cases of a planar-bed triangular cell and the wetted-edge face gate (placeholder — to be replaced by a final drawing)	scripts/generate_placeholder_figures.py (watermarked placeholder, 2026-08-11)
hydraulics_hydraulics_figure1_6	legacy	-	-	manuals/reference/hydraulics/media/media/hydraulics-figure1-6.png	hydraulics_ref_ch1_overview	1-6	Interpolation of reported values from computed values	EPA SWMM 5 Reference Manual Vol. II Hydraulics (2021), pandoc export
hydraulics_hydraulics_image1	legacy	-	-	manuals/reference/hydraulics/media/media/hydraulics-image1.jpeg	hydraulics_ref_ch1_overview	1-1	Elements of a typical urban drainage system	EPA SWMM 5 Reference Manual Vol. II Hydraulics (2021), pandoc export
hydraulics_hydraulics_image10	legacy	-	-	manuals/reference/hydraulics/media/media/hydraulics-image10.png	hydraulics_ref_ch2_hydraulic_model	2-2	Comparison of dynamic wave and kinematic wave solutions (from Miller, 1984)	EPA SWMM 5 Reference Manual Vol. II Hydraulics (2021), pandoc export
hydraulics_hydraulics_image11	legacy	-	-	manuals/reference/hydraulics/media/media/hydraulics-image11.png	hydraulics_ref_ch3_dynamic_wave	3-1	Node-link representation of a conveyance network in SWMM (from Roesner et al, 1992)	EPA SWMM 5 Reference Manual Vol. II Hydraulics (2021), pandoc export
hydraulics_hydraulics_image12	legacy	-	-	manuals/reference/hydraulics/media/media/hydraulics-image12.png	hydraulics_ref_ch3_dynamic_wave	3-2	Special flow conditions for dynamic wave analysis	EPA SWMM 5 Reference Manual Vol. II Hydraulics (2021), pandoc export
hydraulics_hydraulics_image13	legacy	-	-	manuals/reference/hydraulics/media/media/hydraulics-image13.png	hydraulics_ref_ch3_dynamic_wave	3-2	Special flow conditions for dynamic wave analysis	EPA SWMM 5 Reference Manual Vol. II Hydraulics (2021), pandoc export
hydraulics_hydraulics_image14	legacy	-	-	manuals/reference/hydraulics/media/media/hydraulics-image14.png	hydraulics_ref_ch3_dynamic_wave	-	-	EPA SWMM 5 Reference Manual Vol. II Hydraulics (2021), pandoc export
hydraulics_hydraulics_image15	legacy	-	-	manuals/reference/hydraulics/media/media/hydraulics-image15.png	hydraulics_ref_ch3_dynamic_wave	3-4	Ponding of excess water above a junction	EPA SWMM 5 Reference Manual Vol. II Hydraulics (2021), pandoc export
hydraulics_hydraulics_image16	legacy	-	-	manuals/reference/hydraulics/media/media/hydraulics-image16.png	hydraulics_ref_ch3_dynamic_wave	3-5	Profile view of example rectangular conduit (not to scale)	EPA SWMM 5 Reference Manual Vol. II Hydraulics (2021), pandoc export
hydraulics_hydraulics_image17	legacy	-	-	manuals/reference/hydraulics/media/media/hydraulics-image17.png	hydraulics_ref_ch3_dynamic_wave	3-6	Outflow hydrographs for example conduit -I	EPA SWMM 5 Reference Manual Vol. II Hydraulics (2021), pandoc export
hydraulics_hydraulics_image18	legacy	-	-	manuals/reference/hydraulics/media/media/hydraulics-image18.png	hydraulics_ref_ch3_dynamic_wave	3-7	Outflow hydrographs for example conduit - II	EPA SWMM 5 Reference Manual Vol. II Hydraulics (2021), pandoc export
hydraulics_hydraulics_image20	legacy	-	-	manuals/reference/hydraulics/media/media/hydraulics-image20.png	hydraulics_ref_ch4_kinematic_wave	4-2	Space-time grid for kinematic wave analysis	EPA SWMM 5 Reference Manual Vol. II Hydraulics (2021), pandoc export
hydraulics_hydraulics_image21	legacy	-	-	manuals/reference/hydraulics/media/media/hydraulics-image21.png	hydraulics_ref_ch4_kinematic_wave	4-3	Outflow hydrograph for example conduit	EPA SWMM 5 Reference Manual Vol. II Hydraulics (2021), pandoc export
hydraulics_hydraulics_image23	legacy	-	-	manuals/reference/hydraulics/media/media/hydraulics-image23.png	hydraulics_ref_ch5_cross_section	5-2	Geometric properties of a partly filled circular shape based on depth	EPA SWMM 5 Reference Manual Vol. II Hydraulics (2021), pandoc export
hydraulics_hydraulics_image24	legacy	-	-	manuals/reference/hydraulics/media/media/hydraulics-image24.png	hydraulics_ref_ch5_cross_section	5-3	Geometric properties of a partly filled circular shape based on area	EPA SWMM 5 Reference Manual Vol. II Hydraulics (2021), pandoc export
hydraulics_hydraulics_image29	legacy	-	-	manuals/reference/hydraulics/media/media/hydraulics-image29.png	hydraulics_ref_ch5_cross_section	5-7	A Shape Curve with a depth segment shown	EPA SWMM 5 Reference Manual Vol. II Hydraulics (2021), pandoc export
hydraulics_hydraulics_image30	legacy	-	-	manuals/reference/hydraulics/media/media/hydraulics-image30.png	hydraulics_ref_ch5_cross_section	5-8	A natural channel transect	EPA SWMM 5 Reference Manual Vol. II Hydraulics (2021), pandoc export
hydraulics_hydraulics_image31	legacy	-	-	manuals/reference/hydraulics/media/media/hydraulics-image31.png	hydraulics_ref_ch5_cross_section	5-9	A transect depth increment with three compound segments	EPA SWMM 5 Reference Manual Vol. II Hydraulics (2021), pandoc export
hydraulics_hydraulics_image32	legacy	-	-	manuals/reference/hydraulics/media/media/hydraulics-image32.png	hydraulics_ref_ch5_cross_section	5-10	A one-sided street cross-section (not to scale)	EPA SWMM 5 Reference Manual Vol. II Hydraulics (2021), pandoc export
hydraulics_hydraulics_image33	legacy	-	-	manuals/reference/hydraulics/media/media/hydraulics-image33.png	hydraulics_ref_ch5_cross_section	-	-	EPA SWMM 5 Reference Manual Vol. II Hydraulics (2021), pandoc export
hydraulics_hydraulics_image34	legacy	-	-	manuals/reference/hydraulics/media/media/hydraulics-image34.png	hydraulics_ref_ch5_cross_section	-	-	EPA SWMM 5 Reference Manual Vol. II Hydraulics (2021), pandoc export
hydraulics_hydraulics_image35	legacy	-	-	manuals/reference/hydraulics/media/media/hydraulics-image35.png	hydraulics_ref_ch5_cross_section	-	-	EPA SWMM 5 Reference Manual Vol. II Hydraulics (2021), pandoc export
hydraulics_hydraulics_image36	legacy	-	-	manuals/reference/hydraulics/media/media/hydraulics-image36.png	hydraulics_ref_ch5_cross_section	-	-	EPA SWMM 5 Reference Manual Vol. II Hydraulics (2021), pandoc export
hydraulics_hydraulics_image37	legacy	-	-	manuals/reference/hydraulics/media/media/hydraulics-image37.png	hydraulics_ref_ch5_cross_section	5-11	Example of a storage curve and its section view	EPA SWMM 5 Reference Manual Vol. II Hydraulics (2021), pandoc export
hydraulics_hydraulics_image38	legacy	-	-	manuals/reference/hydraulics/media/media/hydraulics-image38.png	hydraulics_ref_ch5_cross_section	5-11	Example of a storage curve and its section view	EPA SWMM 5 Reference Manual Vol. II Hydraulics (2021), pandoc export
hydraulics_hydraulics_image39	legacy	-	-	manuals/reference/hydraulics/media/media/hydraulics-image39.png	hydraulics_ref_ch5_cross_section	5-12	Finding the volume at a given depth for a storage curve	EPA SWMM 5 Reference Manual Vol. II Hydraulics (2021), pandoc export
hydraulics_hydraulics_image4	legacy	-	-	manuals/reference/hydraulics/media/media/hydraulics-image4.png	hydraulics_ref_ch1_overview	1-4	Block diagram of SWMM's state transition process	EPA SWMM 5 Reference Manual Vol. II Hydraulics (2021), pandoc export
hydraulics_hydraulics_image40	legacy	-	-	manuals/reference/hydraulics/media/media/hydraulics-image40.png	hydraulics_ref_ch6_pumps_regulators	-	-	EPA SWMM 5 Reference Manual Vol. II Hydraulics (2021), pandoc export
hydraulics_hydraulics_image41	legacy	-	-	manuals/reference/hydraulics/media/media/hydraulics-image41.png	hydraulics_ref_ch6_pumps_regulators	-	-	EPA SWMM 5 Reference Manual Vol. II Hydraulics (2021), pandoc export
hydraulics_hydraulics_image42	legacy	-	-	manuals/reference/hydraulics/media/media/hydraulics-image42.png	hydraulics_ref_ch6_pumps_regulators	-	-	EPA SWMM 5 Reference Manual Vol. II Hydraulics (2021), pandoc export
hydraulics_hydraulics_image43	legacy	-	-	manuals/reference/hydraulics/media/media/hydraulics-image43.png	hydraulics_ref_ch6_pumps_regulators	-	-	EPA SWMM 5 Reference Manual Vol. II Hydraulics (2021), pandoc export
hydraulics_hydraulics_image49	legacy	-	-	manuals/reference/hydraulics/media/media/hydraulics-image49.png	hydraulics_ref_ch6_pumps_regulators	6-4	Transverse weir shapes	EPA SWMM 5 Reference Manual Vol. II Hydraulics (2021), pandoc export
hydraulics_hydraulics_image5	legacy	-	-	manuals/reference/hydraulics/media/media/hydraulics-image5.png	hydraulics_ref_ch1_overview	1-5	Flow chart of SWMM's simulation procedure	EPA SWMM 5 Reference Manual Vol. II Hydraulics (2021), pandoc export
hydraulics_hydraulics_image50	legacy	-	-	manuals/reference/hydraulics/media/media/hydraulics-image50.png	hydraulics_ref_ch6_pumps_regulators	6-5	Coefficient for triangular weirs (from Brater and King, 1976)	EPA SWMM 5 Reference Manual Vol. II Hydraulics (2021), pandoc export
hydraulics_hydraulics_image51	legacy	-	-	manuals/reference/hydraulics/media/media/hydraulics-image51.png	hydraulics_ref_ch6_pumps_regulators	6-6	Definitions of submerged and surcharged weir flow	EPA SWMM 5 Reference Manual Vol. II Hydraulics (2021), pandoc export
hydraulics_hydraulics_image52	legacy	-	-	manuals/reference/hydraulics/media/media/hydraulics-image52.png	hydraulics_ref_ch6_pumps_regulators	6-7	Rating curve for a vortex device compared to an orifice	EPA SWMM 5 Reference Manual Vol. II Hydraulics (2021), pandoc export
hydraulics_hydraulics_image8	legacy	-	-	manuals/reference/hydraulics/media/media/hydraulics-image8.png	hydraulics_ref_ch2_hydraulic_model	-	-	EPA SWMM 5 Reference Manual Vol. II Hydraulics (2021), pandoc export
hydraulics_hydraulics_image9	legacy	-	-	manuals/reference/hydraulics/media/media/hydraulics-image9.png	hydraulics_ref_ch2_hydraulic_model	-	-	EPA SWMM 5 Reference Manual Vol. II Hydraulics (2021), pandoc export
hydraulics_image44	legacy	-	-	manuals/reference/hydraulics/media/media/image44.png	hydraulics_ref_ch6_pumps_regulators	-	-	EPA SWMM 5 Reference Manual Vol. II Hydraulics (2021), pandoc export
hydraulics_image45	legacy	-	-	manuals/reference/hydraulics/media/media/image45.png	hydraulics_ref_ch6_pumps_regulators	6-1	Orifice orientations	EPA SWMM 5 Reference Manual Vol. II Hydraulics (2021), pandoc export
hydraulics_image46	legacy	-	-	manuals/reference/hydraulics/media/media/image46.png	hydraulics_ref_ch6_pumps_regulators	6-2	Determination of effective head for an orifice	EPA SWMM 5 Reference Manual Vol. II Hydraulics (2021), pandoc export
hydraulics_image47	legacy	-	-	manuals/reference/hydraulics/media/media/image47.png	hydraulics_ref_ch6_pumps_regulators	6-2	Determination of effective head for an orifice	EPA SWMM 5 Reference Manual Vol. II Hydraulics (2021), pandoc export
hydraulics_image48	legacy	-	-	manuals/reference/hydraulics/media/media/image48.png	hydraulics_ref_ch6_pumps_regulators	6-3	Orifice with unsubmerged inlet	EPA SWMM 5 Reference Manual Vol. II Hydraulics (2021), pandoc export
hydraulics_image53	legacy	-	-	manuals/reference/hydraulics/media/media/image53.png	hydraulics_ref_ch7_advanced_features	7-1	Depths used for computing seepage in storage units	EPA SWMM 5 Reference Manual Vol. II Hydraulics (2021), pandoc export
hydraulics_image54	legacy	-	-	manuals/reference/hydraulics/media/media/image54.png	hydraulics_ref_ch7_advanced_features	7-2	Concrete box culvert (from FHWA, 2012)	EPA SWMM 5 Reference Manual Vol. II Hydraulics (2021), pandoc export
hydraulics_image55	legacy	-	-	manuals/reference/hydraulics/media/media/image55.png	hydraulics_ref_ch7_advanced_features	7-3	Example of a culvert rating curve (from FHWA, 2012)	EPA SWMM 5 Reference Manual Vol. II Hydraulics (2021), pandoc export
hydraulics_image56	legacy	-	-	manuals/reference/hydraulics/media/media/image56.png	hydraulics_ref_ch7_advanced_features	7-4	Roadway overtopping (from FHWA, 2012)	EPA SWMM 5 Reference Manual Vol. II Hydraulics (2021), pandoc export
hydraulics_image57	legacy	-	-	manuals/reference/hydraulics/media/media/image57.png	hydraulics_ref_ch7_advanced_features	7-5	SWMM node-link representation of a culvert with a roadway weir	EPA SWMM 5 Reference Manual Vol. II Hydraulics (2021), pandoc export
hydraulics_image58	legacy	-	-	manuals/reference/hydraulics/media/media/image58.png	hydraulics_ref_ch7_advanced_features	7-6	Discharge coefficients for roadway weirs (from FHWA, 2012)	EPA SWMM 5 Reference Manual Vol. II Hydraulics (2021), pandoc export
hydraulics_image59	legacy	-	-	manuals/reference/hydraulics/media/media/image59.png	hydraulics_ref_ch7_advanced_features	7-7	Examples of storm drain inlets	EPA SWMM 5 Reference Manual Vol. II Hydraulics (2021), pandoc export
hydraulics_image60	legacy	-	-	manuals/reference/hydraulics/media/media/image60.png	hydraulics_ref_ch7_advanced_features	7-7	Examples of storm drain inlets	EPA SWMM 5 Reference Manual Vol. II Hydraulics (2021), pandoc export
hydraulics_image61	legacy	-	-	manuals/reference/hydraulics/media/media/image61.png	hydraulics_ref_ch7_advanced_features	7-8	Standard types of curb and gutter inlets	EPA SWMM 5 Reference Manual Vol. II Hydraulics (2021), pandoc export
hydraulics_image62	legacy	-	-	manuals/reference/hydraulics/media/media/image62.png	hydraulics_ref_ch7_advanced_features	7-9	Performance curve for a custom inlet	EPA SWMM 5 Reference Manual Vol. II Hydraulics (2021), pandoc export
hydraulics_image63	legacy	-	-	manuals/reference/hydraulics/media/media/image63.png	hydraulics_ref_ch7_advanced_features	7-10	Representation of a dual drainage system	EPA SWMM 5 Reference Manual Vol. II Hydraulics (2021), pandoc export
hydraulics_image64	legacy	-	-	manuals/reference/hydraulics/media/media/image64.png	hydraulics_ref_ch7_advanced_features	-	-	EPA SWMM 5 Reference Manual Vol. II Hydraulics (2021), pandoc export
hydraulics_image67	legacy	-	-	manuals/reference/hydraulics/media/media/image67.png	hydraulics_ref_ch7_advanced_features	-	-	EPA SWMM 5 Reference Manual Vol. II Hydraulics (2021), pandoc export
hydraulics_image68	legacy	-	-	manuals/reference/hydraulics/media/media/image68.png	hydraulics_ref_ch7_advanced_features	-	-	EPA SWMM 5 Reference Manual Vol. II Hydraulics (2021), pandoc export
hydraulics_image69	legacy	-	-	manuals/reference/hydraulics/media/media/image69.png	hydraulics_ref_ch7_advanced_features	-	-	EPA SWMM 5 Reference Manual Vol. II Hydraulics (2021), pandoc export
hydraulics_image7	legacy	-	-	manuals/reference/hydraulics/media/media/image7.jpg	hydraulics_ref_ch2_hydraulic_model	2-1	Node-link representation of a sewer system	EPA SWMM 5 Reference Manual Vol. II Hydraulics (2021), pandoc export
hydraulics_image70	legacy	-	-	manuals/reference/hydraulics/media/media/image70.png	hydraulics_ref_ch7_advanced_features	-	-	EPA SWMM 5 Reference Manual Vol. II Hydraulics (2021), pandoc export
hydraulics_image71	legacy	-	-	manuals/reference/hydraulics/media/media/image71.png	hydraulics_ref_ch7_advanced_features	7-11	Street cross-section divided into gutter and roadway flow	EPA SWMM 5 Reference Manual Vol. II Hydraulics (2021), pandoc export
hydraulics_image72	legacy	-	-	manuals/reference/hydraulics/media/media/image72.png	hydraulics_ref_ch7_advanced_features	-	-	EPA SWMM 5 Reference Manual Vol. II Hydraulics (2021), pandoc export
hydraulics_image73	legacy	-	-	manuals/reference/hydraulics/media/media/image73.png	hydraulics_ref_ch7_advanced_features	-	-	EPA SWMM 5 Reference Manual Vol. II Hydraulics (2021), pandoc export
hydraulics_image74	legacy	-	-	manuals/reference/hydraulics/media/media/image74.png	hydraulics_ref_ch7_advanced_features	-	-	EPA SWMM 5 Reference Manual Vol. II Hydraulics (2021), pandoc export
hydraulics_image75	legacy	-	-	manuals/reference/hydraulics/media/media/image75.png	hydraulics_ref_ch7_advanced_features	7-12	Types of channel drop inlets	EPA SWMM 5 Reference Manual Vol. II Hydraulics (2021), pandoc export
hydrology_conceptual_map	synthetic	src/engine/conceptual_map.py	-	figures/png/hydrology_conceptual_map.png	hydrology_ref_ch1_overview	1-7	The hydrology of this manual: atmosphere, land surface and subsurface representations	-
hydrology_figure1_4	legacy	-	-	manuals/reference/hydrology/media/media/figure1-4.png	hydrology_ref_ch1_overview	1-4	Block diagram of SWMM's state transition process	EPA SWMM 5 Reference Manual Vol. I Hydrology (2015), pandoc export
hydrology_figure1_5	legacy	-	-	manuals/reference/hydrology/media/media/figure1-5.png	hydrology_ref_ch1_overview	1-5	Flow chart of SWMM's simulation procedure	EPA SWMM 5 Reference Manual Vol. I Hydrology (2015), pandoc export
hydrology_figure3_1	legacy	-	-	manuals/reference/hydrology/media/media/Figure3-1.png	hydrology_ref_ch3_surface_runoff	3-1	Idealized representation of a subcatchment	EPA SWMM 5 Reference Manual Vol. I Hydrology (2015), pandoc export; the same image is embedded again as Figure 3-8 (Chapter3-SurfaceRunoff.md), the former duplicate Figure3-8.png
hydrology_figure3_12	legacy	-	-	manuals/reference/hydrology/media/media/Figure3-12.png	hydrology_ref_ch3_surface_runoff	3-12	Runoff results for illustrative example	EPA SWMM 5 Reference Manual Vol. I Hydrology (2015), pandoc export
hydrology_figure3_13	legacy	-	-	manuals/reference/hydrology/media/media/Figure3-13.png	hydrology_ref_ch3_surface_runoff	3-13	SCS (NRCS) triangular unit hydrograph (NRCS, 2007)	EPA SWMM 5 Reference Manual Vol. I Hydrology (2015), pandoc export
hydrology_figure3_2	legacy	-	-	manuals/reference/hydrology/media/media/Figure3-2.png	hydrology_ref_ch3_surface_runoff	3-1	Idealized representation of a subcatchment	EPA SWMM 5 Reference Manual Vol. I Hydrology (2015), pandoc export
hydrology_figure3_4	legacy	-	-	manuals/reference/hydrology/media/media/Figure3-4.png	hydrology_ref_ch3_surface_runoff	3-4	Idealized subcatchment partitioning for overland flow	EPA SWMM 5 Reference Manual Vol. I Hydrology (2015), pandoc export
hydrology_figure3_5	legacy	-	-	manuals/reference/hydrology/media/media/Figure3-5.png	hydrology_ref_ch3_surface_runoff	3-5	Re-routing of overland flow (Huber, 2001)	EPA SWMM 5 Reference Manual Vol. I Hydrology (2015), pandoc export
hydrology_figure3_9	legacy	-	-	manuals/reference/hydrology/media/media/Figure3-9.png	hydrology_ref_ch3_surface_runoff	3-9	Rectangular subcatchments for illustration of shape and width effects	EPA SWMM 5 Reference Manual Vol. I Hydrology (2015), pandoc export
hydrology_figure4_2	legacy	-	-	manuals/reference/hydrology/media/media/figure4-2.png	hydrology_ref_ch4_infiltration	4-2	The Horton infiltration curve	EPA SWMM 5 Reference Manual Vol. I Hydrology (2015), pandoc export
hydrology_figure4_3	legacy	-	-	manuals/reference/hydrology/media/media/figure4-3.png	hydrology_ref_ch4_infiltration	4-3	Cumulative infiltration F as the area under the Horton curve	EPA SWMM 5 Reference Manual Vol. I Hydrology (2015), pandoc export
hydrology_figure4_4	legacy	-	-	manuals/reference/hydrology/media/media/figure4-4.png	hydrology_ref_ch4_infiltration	4-4	Regeneration (recovery) of infiltration capacity during dry time steps	EPA SWMM 5 Reference Manual Vol. I Hydrology (2015), pandoc export
hydrology_figure4_5	legacy	-	-	manuals/reference/hydrology/media/media/figure4-5.png	hydrology_ref_ch4_infiltration	4-5	Two-zone representation of the Green-Ampt infiltration model (after Nicklow et al., 2006)	EPA SWMM 5 Reference Manual Vol. I Hydrology (2015), pandoc export
hydrology_figure4_6	legacy	-	-	manuals/reference/hydrology/media/media/figure4-6.png	hydrology_ref_ch4_infiltration	4-6	Illustration of infiltration capacity as function of cumulative infiltration for the Green-Ampt method	EPA SWMM 5 Reference Manual Vol. I Hydrology (2015), pandoc export
hydrology_figure4_7	legacy	-	-	manuals/reference/hydrology/media/media/figure4-7.png	hydrology_ref_ch4_infiltration	4-7	Green-Ampt recovery parameters as functions of hydraulic conductivity	EPA SWMM 5 Reference Manual Vol. I Hydrology (2015), pandoc export
hydrology_figure5_1	legacy	-	-	manuals/reference/hydrology/media/media/figure5-1.png	hydrology_ref_ch5_groundwater	5-1	Definitional sketch of the two-zone groundwater model	EPA SWMM 5 Reference Manual Vol. I Hydrology (2015), pandoc export
hydrology_figure5_2	legacy	-	-	manuals/reference/hydrology/media/media/figure5-2.png	hydrology_ref_ch5_groundwater	5-2	Heights used to compute lateral groundwater flow rate	EPA SWMM 5 Reference Manual Vol. I Hydrology (2015), pandoc export
hydrology_figure5_9	legacy	-	-	manuals/reference/hydrology/media/media/figure5-9.png	hydrology_ref_ch5_groundwater	5-9	Surface runoff and groundwater flow for the illustrative groundwater example	EPA SWMM 5 Reference Manual Vol. I Hydrology (2015), pandoc export
hydrology_figure6_10	legacy	-	-	manuals/reference/hydrology/media/media/Figure6-10.png	hydrology_ref_ch6_snowmelt	6-10	Runoff time series for illustrative snowmelt example	EPA SWMM 5 Reference Manual Vol. I Hydrology (2015), pandoc export
hydrology_figure6_2	legacy	-	-	manuals/reference/hydrology/media/media/Figure6-2.png	hydrology_ref_ch6_snowmelt	6-2	Subcatchment partitionings used for snowmelt and runoff	EPA SWMM 5 Reference Manual Vol. I Hydrology (2015), pandoc export
hydrology_figure6_7	legacy	-	-	manuals/reference/hydrology/media/media/Figure6-7.png	hydrology_ref_ch6_snowmelt	6-7	Continuous air temperature for illustrative snowmelt example	EPA SWMM 5 Reference Manual Vol. I Hydrology (2015), pandoc export
hydrology_figure6_8	legacy	-	-	manuals/reference/hydrology/media/media/Figure6-8.png	hydrology_ref_ch6_snowmelt	6-8	Precipitation amounts for illustrative snowmelt example	EPA SWMM 5 Reference Manual Vol. I Hydrology (2015), pandoc export
hydrology_figure6_9	legacy	-	-	manuals/reference/hydrology/media/media/Figure6-9.png	hydrology_ref_ch6_snowmelt	6-9	Snow pack depth for illustrative snowmelt example	EPA SWMM 5 Reference Manual Vol. I Hydrology (2015), pandoc export
hydrology_figure7_1	legacy	-	-	manuals/reference/hydrology/media/media/Figure7-1.png	hydrology_ref_ch7_rdii	7-1	Components of wet-weather wastewater flow	EPA SWMM 5 Reference Manual Vol. I Hydrology (2015), pandoc export
hydrology_figure7_11_schematic	legacy	-	-	manuals/reference/hydrology/media/media/figure7-11-schematic.png	hydrology_ref_ch7_rdii	7-11	Emergent seasonal behavior of the exponential-decay initial abstraction model (schematic, synthetic forcing): available initial abstraction depletes during stor	scripts/generate_placeholder_figures.py (watermarked placeholder, 2026-08-11)
hydrology_figure7_2	legacy	-	-	manuals/reference/hydrology/media/media/Figure7-2.png	hydrology_ref_ch7_rdii	7-2	Example of an RDII triangular unit hydrograph	EPA SWMM 5 Reference Manual Vol. I Hydrology (2015), pandoc export
hydrology_figure7_3	legacy	-	-	manuals/reference/hydrology/media/media/Figure7-3.png	hydrology_ref_ch7_rdii	7-3	Application of a unit hydrograph to a storm event	EPA SWMM 5 Reference Manual Vol. I Hydrology (2015), pandoc export
hydrology_figure7_8	legacy	-	-	manuals/reference/hydrology/media/media/Figure7-8.png	hydrology_ref_ch7_rdii	7-8	Unit hydrographs used for the illustrative RDII example	EPA SWMM 5 Reference Manual Vol. I Hydrology (2015), pandoc export
hydrology_figure7_9	legacy	-	-	manuals/reference/hydrology/media/media/Figure7-9.png	hydrology_ref_ch7_rdii	7-9	Time series of RDII flows for the illustrative RDII example	EPA SWMM 5 Reference Manual Vol. I Hydrology (2015), pandoc export
hydrology_hydrology_figure1_6	legacy	-	-	manuals/reference/hydrology/media/media/hydrology-figure1-6.png	hydrology_ref_ch1_overview	1-6	Interpolation of reported values from computed values	EPA SWMM 5 Reference Manual Vol. I Hydrology (2015), pandoc export
hydrology_hydrology_image1	legacy	-	-	manuals/reference/hydrology/media/media/hydrology-image1.jpeg	hydrology_ref_ch1_overview	1-1	Elements of a typical urban drainage system	EPA SWMM 5 Reference Manual Vol. I Hydrology (2015), pandoc export
hydrology_hydrology_image10	legacy	-	-	manuals/reference/hydrology/media/media/hydrology-image10.jpg	hydrology_ref_ch3_surface_runoff	3-6	Fisk B catchment, Portland, Oregon (Portland BES, 1996)	EPA SWMM 5 Reference Manual Vol. I Hydrology (2015), pandoc export; converted PNG->JPEG q82 at 1400 px 2026-09-19 (aerial photograph)
hydrology_hydrology_image11	legacy	-	-	manuals/reference/hydrology/media/media/hydrology-image11.png	hydrology_ref_ch3_surface_runoff	3-7	Detailed view of two Fisk B subcatchments (Portland BES, 1996)	EPA SWMM 5 Reference Manual Vol. I Hydrology (2015), pandoc export
hydrology_hydrology_image12	legacy	-	-	manuals/reference/hydrology/media/media/hydrology-image12.png	hydrology_ref_ch3_surface_runoff	3-10	Subcatchment hydrographs for different shapes of Figure 3-9	EPA SWMM 5 Reference Manual Vol. I Hydrology (2015), pandoc export
hydrology_hydrology_image13	legacy	-	-	manuals/reference/hydrology/media/media/hydrology-image13.png	hydrology_ref_ch3_surface_runoff	3-11	Irregular subcatchment shape for width calculations (DiGiano et al., 1977, p. 165)	EPA SWMM 5 Reference Manual Vol. I Hydrology (2015), pandoc export
hydrology_hydrology_image15	legacy	-	-	manuals/reference/hydrology/media/media/hydrology-image15.png	hydrology_ref_ch4_infiltration	4-1	Physical properties for Woodburn silt loam, Benton County, Oregon	EPA SWMM 5 Reference Manual Vol. I Hydrology (2015), pandoc export
hydrology_hydrology_image24	legacy	-	-	manuals/reference/hydrology/media/media/hydrology-image24.png	hydrology_ref_ch4_infiltration	4-8	Infiltration rates produced by different methods for a 2-inch rainfall event	EPA SWMM 5 Reference Manual Vol. I Hydrology (2015), pandoc export
hydrology_hydrology_image29	legacy	-	-	manuals/reference/hydrology/media/media/hydrology-image29.png	hydrology_ref_ch5_groundwater	5-3	Relation between soil moisture limits and soil texture class (Schroeder et al., 1994)	EPA SWMM 5 Reference Manual Vol. I Hydrology (2015), pandoc export
hydrology_hydrology_image30	legacy	-	-	manuals/reference/hydrology/media/media/hydrology-image30.png	hydrology_ref_ch5_groundwater	5-4	SPAW's soil water characteristics calculator	EPA SWMM 5 Reference Manual Vol. I Hydrology (2015), pandoc export
hydrology_hydrology_image31	legacy	-	-	manuals/reference/hydrology/media/media/hydrology-image31.png	hydrology_ref_ch5_groundwater	-	-	EPA SWMM 5 Reference Manual Vol. I Hydrology (2015), pandoc export
hydrology_hydrology_image32	legacy	-	-	manuals/reference/hydrology/media/media/hydrology-image32.png	hydrology_ref_ch5_groundwater	5-5	Measured hydraulic conductivity for three soils	EPA SWMM 5 Reference Manual Vol. I Hydrology (2015), pandoc export
hydrology_hydrology_image33	legacy	-	-	manuals/reference/hydrology/media/media/hydrology-image33.png	hydrology_ref_ch5_groundwater	5-5	Measured hydraulic conductivity for three soils	EPA SWMM 5 Reference Manual Vol. I Hydrology (2015), pandoc export
hydrology_hydrology_image34	legacy	-	-	manuals/reference/hydrology/media/media/hydrology-image34.png	hydrology_ref_ch5_groundwater	5-6	Fitting SWMM's hydraulic conductivity equation to a power law equation	EPA SWMM 5 Reference Manual Vol. I Hydrology (2015), pandoc export
hydrology_hydrology_image35	legacy	-	-	manuals/reference/hydrology/media/media/hydrology-image35.png	hydrology_ref_ch5_groundwater	5-7	Definition sketch for Dupuit-Forcheimer seepage to an adjacent channel	EPA SWMM 5 Reference Manual Vol. I Hydrology (2015), pandoc export
hydrology_hydrology_image36	legacy	-	-	manuals/reference/hydrology/media/media/hydrology-image36.png	hydrology_ref_ch5_groundwater	5-8	Definition sketch for Hooghoudt's method for flow to circular drains	EPA SWMM 5 Reference Manual Vol. I Hydrology (2015), pandoc export
hydrology_hydrology_image37	legacy	-	-	manuals/reference/hydrology/media/media/hydrology-image37.png	hydrology_ref_ch6_snowmelt	6-1	Typical gage catch deficiency correction (Anderson, 2006, p. 8)	EPA SWMM 5 Reference Manual Vol. I Hydrology (2015), pandoc export
hydrology_hydrology_image38	legacy	-	-	manuals/reference/hydrology/media/media/hydrology-image38.png	hydrology_ref_ch6_snowmelt	6-3	Seasonal variation of melt coefficients	EPA SWMM 5 Reference Manual Vol. I Hydrology (2015), pandoc export
hydrology_hydrology_image4	legacy	-	-	manuals/reference/hydrology/media/media/hydrology-image4.png	hydrology_ref_ch2_meteorology	2-1	Sinusoidal interpolation of hourly temperatures	EPA SWMM 5 Reference Manual Vol. I Hydrology (2015), pandoc export
hydrology_hydrology_image40	legacy	-	-	manuals/reference/hydrology/media/media/hydrology-image40.png	hydrology_ref_ch6_snowmelt	6-4	Typical areal depletion curve for natural area (Anderson, 1973, p. 3-15) and temporary curve for new snow	EPA SWMM 5 Reference Manual Vol. I Hydrology (2015), pandoc export
hydrology_hydrology_image41	legacy	-	-	manuals/reference/hydrology/media/media/hydrology-image41.png	hydrology_ref_ch6_snowmelt	6-5	Effect of snow cover on areal depletion curves	EPA SWMM 5 Reference Manual Vol. I Hydrology (2015), pandoc export
hydrology_hydrology_image43	legacy	-	-	manuals/reference/hydrology/media/media/hydrology-image43.png	hydrology_ref_ch6_snowmelt	6-6	Schematic of liquid water routing through snow pack	EPA SWMM 5 Reference Manual Vol. I Hydrology (2015), pandoc export
hydrology_hydrology_image49	legacy	-	-	manuals/reference/hydrology/media/media/hydrology-image49.png	hydrology_ref_ch7_rdii	7-4	Use of three unit hydrographs to represent RDII (Vallabhaneni et al., 2007)	EPA SWMM 5 Reference Manual Vol. I Hydrology (2015), pandoc export
hydrology_hydrology_image50	legacy	-	-	manuals/reference/hydrology/media/media/hydrology-image50.png	hydrology_ref_ch7_rdii	7-5	Sewershed delineation (Vallabhaneni et al., 2007)	EPA SWMM 5 Reference Manual Vol. I Hydrology (2015), pandoc export
hydrology_hydrology_image51	legacy	-	-	manuals/reference/hydrology/media/media/hydrology-image51.png	hydrology_ref_ch7_rdii	7-6	Extracting RDII flow from a continuous flow monitor (Vallabhaneni et al., 2007)	EPA SWMM 5 Reference Manual Vol. I Hydrology (2015), pandoc export
hydrology_hydrology_image52	legacy	-	-	manuals/reference/hydrology/media/media/hydrology-image52.png	hydrology_ref_ch7_rdii	7-7	Fitting unit hydrographs to an RDII flow record (Vallabhaneni et al., 2007)	EPA SWMM 5 Reference Manual Vol. I Hydrology (2015), pandoc export
hydrology_hydrology_image8	legacy	-	-	manuals/reference/hydrology/media/media/hydrology-image8.png	hydrology_ref_ch3_surface_runoff	3-3	Types of subareas within a subcatchment	EPA SWMM 5 Reference Manual Vol. I Hydrology (2015), pandoc export
quality_conceptual_map	synthetic	src/engine/conceptual_map.py	-	figures/png/quality_conceptual_map.png	quality_ref_ch1_overview	1-7	The water quality of this manual: buildup, washoff, transport and reactions across the compartments	-
quality_figure2_1	legacy	-	-	manuals/reference/quality/media/media/figure2-1.png	quality_ref_ch2_urban_runoff_quality	2-1	Hourly domestic sewage time patterns	EPA SWMM 5 Reference Manual Vol. III Water Quality (2016), pandoc export
quality_image19	legacy	-	-	manuals/reference/quality/media/media/image19.png	quality_ref_ch5_transport_treatment	5-2	Comparison of completely mixed reactor equations for time varying inflow	EPA SWMM 5 Reference Manual Vol. III Water Quality (2016), pandoc export
quality_image26	legacy	-	-	manuals/reference/quality/media/media/image26.png	quality_ref_ch6_lid_controls	-	-	EPA SWMM 5 Reference Manual Vol. III Water Quality (2016), pandoc export
quality_quality_figure1_6	legacy	-	-	manuals/reference/quality/media/media/quality-figure1-6.png	quality_ref_ch1_overview	1-6	Interpolation of reported values from computed values	EPA SWMM 5 Reference Manual Vol. III Water Quality (2016), pandoc export
quality_quality_image1	legacy	-	-	manuals/reference/quality/media/media/quality-image1.jpeg	quality_ref_ch1_overview	1-1	Elements of a typical urban drainage system	EPA SWMM 5 Reference Manual Vol. III Water Quality (2016), pandoc export
quality_quality_image10	legacy	-	-	manuals/reference/quality/media/media/quality-image10.png	quality_ref_ch3_pollutant_buildup	3-3	Comparison of buildup equations for a hypothetical pollutant	EPA SWMM 5 Reference Manual Vol. III Water Quality (2016), pandoc export
quality_quality_image11	legacy	-	-	manuals/reference/quality/media/media/quality-image11.png	quality_ref_ch3_pollutant_buildup	3-4	Evolution of buildup after a storm event	EPA SWMM 5 Reference Manual Vol. III Water Quality (2016), pandoc export
quality_quality_image12	legacy	-	-	manuals/reference/quality/media/media/quality-image12.png	quality_ref_ch4_surface_washoff	4-1	Washoff of street solids by flushing with a sprinkler system (from Sartor and Boyd, 1972)	EPA SWMM 5 Reference Manual Vol. III Water Quality (2016), pandoc export
quality_quality_image13	legacy	-	-	manuals/reference/quality/media/media/quality-image13.png	quality_ref_ch4_surface_washoff	4-2	Comparison of washoff functions	EPA SWMM 5 Reference Manual Vol. III Water Quality (2016), pandoc export
quality_quality_image14	legacy	-	-	manuals/reference/quality/media/media/quality-image14.png	quality_ref_ch4_surface_washoff	4-3	Two-stream approach to modeling pollutant washoff	EPA SWMM 5 Reference Manual Vol. III Water Quality (2016), pandoc export
quality_quality_image15	legacy	-	-	manuals/reference/quality/media/media/quality-image15.png	quality_ref_ch4_surface_washoff	4-4	Simulated load variations within a storm as a function of runoff rate	EPA SWMM 5 Reference Manual Vol. III Water Quality (2016), pandoc export
quality_quality_image16	legacy	-	-	manuals/reference/quality/media/media/quality-image16.png	quality_ref_ch4_surface_washoff	4-4	Simulated load variations within a storm as a function of runoff rate	EPA SWMM 5 Reference Manual Vol. III Water Quality (2016), pandoc export
quality_quality_image17	legacy	-	-	manuals/reference/quality/media/media/quality-image17.png	quality_ref_ch4_surface_washoff	4-4	Simulated load variations within a storm as a function of runoff rate	EPA SWMM 5 Reference Manual Vol. III Water Quality (2016), pandoc export
quality_quality_image18	legacy	-	-	manuals/reference/quality/media/media/quality-image18.png	quality_ref_ch4_surface_washoff	4-4	Simulated load variations within a storm as a function of runoff rate	EPA SWMM 5 Reference Manual Vol. III Water Quality (2016), pandoc export
quality_quality_image2	legacy	-	-	manuals/reference/quality/media/media/quality-image2.png	quality_ref_ch5_transport_treatment	5-1	Representation of the conveyance network in SWMM	EPA SWMM 5 Reference Manual Vol. III Water Quality (2016), pandoc export
quality_quality_image20	legacy	-	-	manuals/reference/quality/media/media/quality-image20.png	quality_ref_ch5_transport_treatment	5-3	Comparison of completely mixed reactor equations for a step inflow	EPA SWMM 5 Reference Manual Vol. III Water Quality (2016), pandoc export
quality_quality_image21	legacy	-	-	manuals/reference/quality/media/media/quality-image21.png	quality_ref_ch5_transport_treatment	5-4	Gravity settling treatment of TSS within a detention pond	EPA SWMM 5 Reference Manual Vol. III Water Quality (2016), pandoc export
quality_quality_image22	legacy	-	-	manuals/reference/quality/media/media/quality-image22.png	quality_ref_ch6_lid_controls	-	-	EPA SWMM 5 Reference Manual Vol. III Water Quality (2016), pandoc export
quality_quality_image23	legacy	-	-	manuals/reference/quality/media/media/quality-image23.png	quality_ref_ch6_lid_controls	-	-	EPA SWMM 5 Reference Manual Vol. III Water Quality (2016), pandoc export
quality_quality_image24	legacy	-	-	manuals/reference/quality/media/media/quality-image24.png	quality_ref_ch6_lid_controls	-	-	EPA SWMM 5 Reference Manual Vol. III Water Quality (2016), pandoc export
quality_quality_image25	legacy	-	-	manuals/reference/quality/media/media/quality-image25.png	quality_ref_ch6_lid_controls	-	-	EPA SWMM 5 Reference Manual Vol. III Water Quality (2016), pandoc export
quality_quality_image27	legacy	-	-	manuals/reference/quality/media/media/quality-image27.png	quality_ref_ch6_lid_controls	-	-	EPA SWMM 5 Reference Manual Vol. III Water Quality (2016), pandoc export
quality_quality_image28	legacy	-	-	manuals/reference/quality/media/media/quality-image28.png	quality_ref_ch6_lid_controls	-	-	EPA SWMM 5 Reference Manual Vol. III Water Quality (2016), pandoc export
quality_quality_image29	legacy	-	-	manuals/reference/quality/media/media/quality-image29.png	quality_ref_ch6_lid_controls	-	-	EPA SWMM 5 Reference Manual Vol. III Water Quality (2016), pandoc export
quality_quality_image30	legacy	-	-	manuals/reference/quality/media/media/quality-image30.png	quality_ref_ch6_lid_controls	-	-	EPA SWMM 5 Reference Manual Vol. III Water Quality (2016), pandoc export
quality_quality_image31	legacy	-	-	manuals/reference/quality/media/media/quality-image31.png	quality_ref_ch6_lid_controls	6-1	A typical bio-retention cell	EPA SWMM 5 Reference Manual Vol. III Water Quality (2016), pandoc export
quality_quality_image32	legacy	-	-	manuals/reference/quality/media/media/quality-image32.png	quality_ref_ch6_lid_controls	6-1	A typical bio-retention cell	EPA SWMM 5 Reference Manual Vol. III Water Quality (2016), pandoc export
quality_quality_image33	legacy	-	-	manuals/reference/quality/media/media/quality-image33.png	quality_ref_ch6_lid_controls	6-2	Flow path across the surface of a green roof	EPA SWMM 5 Reference Manual Vol. III Water Quality (2016), pandoc export
quality_quality_image34	legacy	-	-	manuals/reference/quality/media/media/quality-image34.png	quality_ref_ch6_lid_controls	6-3	Representation of a permeable pavement system	EPA SWMM 5 Reference Manual Vol. III Water Quality (2016), pandoc export
quality_quality_image35	legacy	-	-	manuals/reference/quality/media/media/quality-image35.png	quality_ref_ch6_lid_controls	6-4	Representation of rooftop disconnection	EPA SWMM 5 Reference Manual Vol. III Water Quality (2016), pandoc export
quality_quality_image36	legacy	-	-	manuals/reference/quality/media/media/quality-image36.png	quality_ref_ch6_lid_controls	6-5	Representation of a vegetative swale	EPA SWMM 5 Reference Manual Vol. III Water Quality (2016), pandoc export
quality_quality_image37	legacy	-	-	manuals/reference/quality/media/media/quality-image37.png	quality_ref_ch6_lid_controls	6-6	Different options for placing LID controls	EPA SWMM 5 Reference Manual Vol. III Water Quality (2016), pandoc export
quality_quality_image38	legacy	-	-	manuals/reference/quality/media/media/quality-image38.png	quality_ref_ch6_lid_controls	6-7	Storm event used for the LID example	EPA SWMM 5 Reference Manual Vol. III Water Quality (2016), pandoc export
quality_quality_image39	legacy	-	-	manuals/reference/quality/media/media/quality-image39.png	quality_ref_ch6_lid_controls	6-8	Flux rates through the bio-retention cell with no underdrain	EPA SWMM 5 Reference Manual Vol. III Water Quality (2016), pandoc export
quality_quality_image4	legacy	-	-	manuals/reference/quality/media/media/quality-image4.png	quality_ref_ch1_overview	1-4	Block diagram of SWMM's state transition process	EPA SWMM 5 Reference Manual Vol. III Water Quality (2016), pandoc export
quality_quality_image40	legacy	-	-	manuals/reference/quality/media/media/quality-image40.png	quality_ref_ch6_lid_controls	6-9	Moisture levels in the bio-retention cell with no underdrain	EPA SWMM 5 Reference Manual Vol. III Water Quality (2016), pandoc export
quality_quality_image41	legacy	-	-	manuals/reference/quality/media/media/quality-image41.png	quality_ref_ch6_lid_controls	6-10	Moisture levels in the bio-retention cell with underdrain	EPA SWMM 5 Reference Manual Vol. III Water Quality (2016), pandoc export
quality_quality_image42	legacy	-	-	manuals/reference/quality/media/media/quality-image42.png	quality_ref_ch6_lid_controls	6-11	Flux rates through the bio-retention cell with underdrain	EPA SWMM 5 Reference Manual Vol. III Water Quality (2016), pandoc export
quality_quality_image5	legacy	-	-	manuals/reference/quality/media/media/quality-image5.png	quality_ref_ch1_overview	1-5	Flow chart of SWMM's simulation procedure	EPA SWMM 5 Reference Manual Vol. III Water Quality (2016), pandoc export
quality_quality_image8	legacy	-	-	manuals/reference/quality/media/media/quality-image8.png	quality_ref_ch3_pollutant_buildup	3-1	Accumulation of solids on urban streets versus time (Sartor and Boyd, 1972)	EPA SWMM 5 Reference Manual Vol. III Water Quality (2016), pandoc export
quality_quality_image9	legacy	-	-	manuals/reference/quality/media/media/quality-image9.png	quality_ref_ch3_pollutant_buildup	3-2	Buildup of street solids in San Jose (from Pitt, 1979)	EPA SWMM 5 Reference Manual Vol. III Water Quality (2016), pandoc export
