module,cls,name,line
_controls,Controls,insert,116
_controls,Controls,append,127
_controls,Controls,clear,133
_forcing,Forcing,node_lat_inflow,87
_forcing,Forcing,node_head_boundary,94
_forcing,Forcing,node_quality,101
_forcing,Forcing,link_flow,111
_forcing,Forcing,link_setting,118
_forcing,Forcing,subcatchment_rainfall,127
_forcing,Forcing,gage_rainfall,354
_forcing,Forcing,clear_all,409
_gages,Gages,get_index,294
_gages,Gages,get_id,301
_gages,Gages,add,309
_gages,Gages,rename,316
_hotstart,HotStart,close,85
_hotstart,HotStart,set_node_depth,160
_hotstart,HotStart,set_node_head,164
_hotstart,HotStart,set_link_flow,168
_hotstart,HotStart,set_link_depth,172
_hotstart,HotStart,set_subcatchment_runoff,176
_hotstart,SaveSchedule,insert,270
_hotstart,SaveSchedule,append,283
_hotstart,SaveSchedule,clear,289
_inflows,Inflows,add_rdii,252
_inflows,Inflows,get_rdii,258
_inflows,Inflows,add_hydrograph,285
_inflows,Inflows,get_hydrograph,294
_inflows,Inflows,add_hydrograph_gage,396
_inflows,Inflows,get_hydrograph_gage,402
_inflows,Inflows,get_hydrograph_group_id,420
_inflows,Inflows,add_rdii_decay,430
_inflows,Inflows,get_rdii_decay,438
_infrastructure,Transects,add,58
_infrastructure,Transects,set_roughness,65
_infrastructure,Transects,add_station,70
_infrastructure,Streets,add,265
_infrastructure,Streets,set_params,272
_infrastructure,Inlets,add,363
_infrastructure,Inlets,set_params,371
_infrastructure,LIDs,set_surface,522
_infrastructure,LIDs,set_soil,527
_infrastructure,LIDs,set_storage,533
_infrastructure,LIDs,set_drain,538
_links,XSection,as_tuple,185
_links,Link,quality,761
_links,Links,get_index,869
_links,Links,get_id,876
_links,Links,add,884
_links,Links,pop_last,891
_links,Links,rename,896
_links,Links,qualities,1005
_output_reader,OutputReader,close,85
_output_reader,OutputReader,link_result,275
_output_reader,OutputReader,subcatchment_result,286
_output_reader,OutputReader,system_result,297
_output_reader,OutputReader,node_series,321
_output_reader,OutputReader,link_series,339
_output_reader,OutputReader,subcatchment_series,357
_output_reader,OutputReader,system_series,375
_output_reader,OutputReader,node_attributes,396
_output_reader,OutputReader,link_attributes,408
_output_reader,OutputReader,subcatchment_attributes,420
_pollutants,Pollutants,get_index,301
_pollutants,Pollutants,get_id,308
_pollutants,Pollutants,add,316
_quality,Landuses,get_index,134
_quality,Landuses,get_id,141
_quality,Landuses,add,147
_quality,Quality,set_washoff,214
_quality,Quality,get_washoff,223
_quality,Quality,set_treatment,241
_quality,Quality,get_treatment,248
_quality,Quality,clear_treatment,256
_solver,EventsView,insert,1552
_solver,EventsView,append,1565
_solver,EventsView,clear,1572
_spatial,Spatial,node_coord,84
_spatial,Spatial,set_node_coord,91
_spatial,Spatial,link_coord,125
_spatial,Spatial,set_link_coord,132
_spatial,Spatial,set_link_vertices,149
_spatial,Spatial,subcatchment_coord,168
_spatial,Spatial,set_subcatchment_coord,175
_spatial,Spatial,subcatchment_polygon,180
_spatial,Spatial,set_subcatchment_polygon,191
_spatial,Spatial,gage_coord,210
_spatial,Spatial,set_gage_coord,217
_subcatchments,InfiltrationView,set_horton,178
_subcatchments,InfiltrationView,set_green_ampt,194
_subcatchments,InfiltrationView,set_curve_number,210
_subcatchments,Subcatchment,quality,657
_subcatchments,Subcatchment,ponded_quality,665
_subcatchments,Subcatchment,set_ponded_quality,673
_subcatchments,Subcatchments,get_index,830
_subcatchments,Subcatchments,get_id,837
_subcatchments,Subcatchments,add,845
_subcatchments,Subcatchments,rename,852
_subcatchments,Subcatchments,qualities,915
_tables,_PointTable,add_point,85
_tables,Tables,get_index,204
_tables,Tables,get_id,211
_tables,Tables,add_timeseries,238
_tables,Tables,as_timeseries,263
_tables,Tables,as_curve,267
