t,volume,energy,exact_energy,cx,cy,r2,px,py,relative_l1,shore_area,velocity_l2,max_speed
0,0.15709495544433594,0.10557505377127853,0.10557505377127853,0,0,0.26671172412824934,0,0,0,0,0,0
0.035050527882159059,0.15709495544433566,0.1055069870465361,0.10557720157503349,2.308850538269974e-18,1.3067493360456082e-17,0.26781226944897829,-2.2236527720591913e-20,4.4924509939999954e-19,0.002734397579828257,0.125,0.0025581635444989295,0.091043574472228342
0.070101055764318118,0.15709495544433633,0.10544260966822568,0.10558090416116409,-1.2676910459150199e-19,-8.7542108427353585e-18,0.26948269450357587,-4.9426645926503238e-20,1.0433886674718318e-18,0.0048576373701767206,0.15625,0.0052724645434469569,0.10754295954000394
0.10515158364647717,0.15709495544433605,0.10538237609147064,0.10557813409527977,-5.4186861522583779e-18,3.6298967102187467e-18,0.27169974582220191,2.0957241204490371e-20,1.4665382864973147e-18,0.0064417320733964186,0.15625,0.0080820050780514938,0.12560974726703319
0.14020211152863624,0.15709495544433527,0.10532667462450336,0.1055561688087764,4.9697722447153355e-19,-2.1050469099060051e-17,0.27443488692112428,-3.2642532204812599e-19,1.0211511574742625e-18,0.0075470811655439438,0.15625,0.01089578746598311,0.14489195895837648
0.1752526394107953,0.15709495544433608,0.10527576515461674,0.10551481140237472,-7.4913061196827484e-18,9.110884041913756e-18,0.27765430197407837,-1.5166521967282273e-19,2.1940800311846548e-19,0.0082060506660515051,0.125,0.013619380780580092,0.1650324435618655
0.21030316729295434,0.15709495544433577,0.10522978937174335,0.10553285249286364,1.0324556511101244e-19,-2.0733360729351416e-17,0.28131930594182558,-1.3563694094338271e-20,2.2929446579969927e-20,0.0078859768537726787,0.078125,0.016175666073574652,0.18545798792385507
0.24535369517511341,0.1570949554443358,0.10518872613798209,0.10555824795065341,6.2680294118803137e-18,-7.8181872234206057e-20,0.28538957338020077,-1.1611961439019402e-19,-8.2334249451078163e-19,0.0080901567238182339,0.109375,0.018479278074667899,0.20552678948205161
0.28040422305727247,0.15709495544433583,0.1051522873095677,0.10555022161810389,-3.2654411290924853e-18,4.5210689564401218e-18,0.28982324716763941,-2.2975768694272897e-19,8.805436882300486e-19,0.0088357560839736841,0.09375,0.020459140237332925,0.22458078855719579
0.31545475093943154,0.1570949554443361,0.10512000625995316,0.10558339508716438,4.3454243343684149e-19,-1.3392357784704011e-17,0.29457391547382217,-5.8053008804437592e-20,-4.0976769787075316e-20,0.0098145030363342139,0.03125,0.02207319373785354,0.24497226872934053
0.3505052788215906,0.15709495544433602,0.10509135912754908,0.10560357121611338,-2.4094844244593642e-18,1.084739778166748e-17,0.29959516200841291,-1.1147085934764601e-19,-8.9755052162413885e-19,0.011455099010305851,0.03125,0.023279086760460786,0.26701303208945809
0.38555580670374967,0.15709495544433619,0.10506587632966656,0.10560524641559058,1.1357264905332785e-17,6.4702239090377266e-19,0.30483599203812883,-6.9880218148479778e-20,8.4570945827421549e-19,0.013416122978569154,0,0.024058919748447021,0.28545430835085478
0.42060633458590868,0.15709495544433605,0.10504311186370825,0.10550035937103137,-8.0338613537218517e-18,1.900628273279834e-18,0.31024164309867441,2.3229878578449187e-19,-2.1006417091906648e-19,0.015569941196642713,0,0.024436234915296024,0.3002656718522807
0.45565686246806775,0.15709495544433605,0.10502266810211577,0.10551741927178074,4.8843450696662963e-18,4.1648696506144442e-18,0.31575973732173918,-1.9696824746112695e-19,-1.560823641438559e-18,0.019253037594581635,0.09375,0.02623745748083273,0.31995112657317476
0.49070739035022681,0.15709495544433599,0.10500403830188865,0.10556432779705532,-3.1273801990021746e-19,-6.4453961097409458e-17,0.32134335859591218,-4.1993891747785832e-20,6.9301853464182701e-19,0.023811798923436076,0.0625,0.02560891633681029,0.33346368424060274
0.52575791823238593,0.15709495544433599,0.10498638300962464,0.10561277356285929,8.8327705132813279e-18,6.9395257617108436e-18,0.32695034830270342,-3.9675126129980114e-19,1.2113691975466504e-18,0.028696698324481212,0.09375,0.0253474958211161,0.34176963185993431
0.56080844611454495,0.15709495544433585,0.10496869919552204,0.10560360938969791,3.5967031136020728e-18,-9.2524201899239695e-18,0.33253657072366311,-3.3864112533430911e-19,1.1608057146528152e-18,0.033259497540398988,0.125,0.02733550279232913,0.34766924267015437
0.59585897399670396,0.15709495544433599,0.10495022499411819,0.10554895827027984,8.494906931094367e-19,2.635108208974911e-17,0.33805560023280362,-2.1073997747952231e-19,1.1740670742332654e-18,0.037511513253923053,0.109375,0.024757077437668817,0.36080054006018913
0.63090950187886308,0.1570949554443356,0.10493049551710283,0.10552446011517497,-6.6828651218816478e-18,1.2333864326603213e-17,0.3434678754115032,-2.1689337405630428e-19,-5.2431339435041191e-19,0.041823287750866855,0.203125,0.027511091715101011,0.37041962589830024
0.66596002976102209,0.15709495544433544,0.10490957484669088,0.10555228408181948,4.2932631563094286e-19,2.0707412435549592e-17,0.34872330142983982,-1.8168856718604742e-19,-5.4760680039990517e-19,0.046246732527519881,0.265625,0.031088401959623813,0.37378712778894652
0.70101055764318121,0.15709495544433605,0.1048875958516672,0.10555725071887462,7.0665291802378501e-18,1.1019600095079888e-18,0.35377840388729354,-3.5867874849279365e-19,1.2380974710897701e-18,0.050301279576882463,0.296875,0.032822465112432316,0.37330732082502366
0.73606108552534022,0.15709495544433585,0.10486418719828854,0.10558454836683819,7.9934224542903748e-19,-3.9198773182253643e-18,0.35859960472043229,4.3481906951707474e-19,2.7005527940835231e-18,0.054178456116405982,0.28125,0.032943453820762719,0.3725905514742448
0.77111161340749934,0.15709495544433608,0.1048388980619025,0.10559019721478337,3.018089860903225e-18,-1.558245591426587e-18,0.36315743135840423,-4.1700490784513274e-19,9.0420767119396561e-20,0.05759376683329586,0.34375,0.035694156075267734,0.37020138012507886
0.80616214128965835,0.15709495544433583,0.10481168885205569,0.10559080311603632,3.7026867291954263e-18,-1.5984822963609179e-17,0.36742050245289792,8.6953225991574269e-21,1.1171305783100154e-18,0.060590455674374294,0.3125,0.03665984125888265,0.36647403676122609
0.84121266917181736,0.15709495544433594,0.10478260483513184,0.10557110062178238,-4.0438899431485857e-21,2.1715688994707904e-18,0.37136262751449278,-1.0556148105156718e-19,5.201841087325472e-19,0.063050885858617817,0.375,0.038980969600279872,0.36095444747345762
0.87626319705397648,0.1570949554443353,0.10475173227948409,0.10554512976113098,1.961468281545612e-18,1.1165896238544056e-17,0.37495919547430362,-3.1208883446651006e-19,-7.1120989067309319e-20,0.065010448002249865,0.34375,0.040721109855300933,0.35689930847984769
0.91131372493613549,0.15709495544433574,0.1047191191968949,0.10552364739880399,1.003558687558042e-18,1.5225245635954445e-17,0.37819367679865257,-7.0827174513730484e-19,5.3267784470454813e-18,0.066518418167214877,0.34375,0.043195773164805829,0.34833984142935476
0.94636425281829462,0.15709495544433591,0.10468491747478748,0.10550124690559755,-8.0413593996581131e-18,2.9010529461319366e-17,0.38105188463823397,-2.7700624353175791e-19,-6.2534854309008892e-20,0.067511985851053932,0.359375,0.046361880131116091,0.33984488014618192
0.98141478070045363,0.15709495544433599,0.10464937314720604,0.10552501469353648,3.211691091931465e-18,1.3361012372162922e-17,0.38352181476715508,-1.4318165531047888e-19,1.3125304913297418e-18,0.068182984661518939,0.421875,0.049471711022846816,0.33243028888708098
1.0164653085826127,0.15709495544433616,0.10461277035123406,0.10554739830858044,3.4861701218226718e-18,7.9017609489123258e-18,0.38559074185907405,-2.4185437622070444e-19,1.67299594994565e-18,0.068318891522389805,0.390625,0.053169060802057973,0.32460941342350214
1.0515158364647719,0.15709495544433594,0.10457534665188829,0.10555850535281294,8.7582231397883476e-18,-2.8067966113737143e-18,0.3872539965690644,-2.2898675461182955e-19,-1.0906872684879202e-18,0.067875862282302857,0.359375,0.05780753098448374,0.31932846134261972
1.0865663643469308,0.15709495544433566,0.10453737548240141,0.1055673512888721,-2.7803428313289555e-18,1.278206212863551e-17,0.38850902935558335,-4.4101299794387181e-19,-8.2172783795507812e-19,0.066868057852268986,0.359375,0.06157702767652809,0.31098405009802005
1.1216168922290899,0.15709495544433608,0.10449917275624576,0.10556971102840439,-5.137088191113082e-18,1.6795622897210444e-18,0.38935514521846476,-3.3692058966019881e-19,1.5997805395673564e-18,0.0652903225011459,0.359375,0.065354833460381526,0.30024063496245229
1.156667420111249,0.15709495544433574,0.10446104753596734,0.1055673512888721,-1.4827596458211498e-19,-3.9363224706608379e-17,0.38979536515515611,-5.0583748818842748e-19,-4.6819746159481451e-19,0.063254264711729721,0.359375,0.06910655944792192,0.28789901488502334
1.1917179479934079,0.15709495544433613,0.10442331483551953,0.10555850535281294,-4.2710217616220924e-18,8.5703507528462248e-18,0.38983487745405943,-5.4400691037407439e-19,5.5406542662271921e-19,0.060692396504830923,0.359375,0.072803291401143735,0.27544183332994948
1.226768475875567,0.15709495544433588,0.104386230465873,0.10554739830858044,7.8900176083580329e-18,-2.5194255760960399e-17,0.38948258609699649,-5.5362619371745355e-19,-2.2119047394094069e-19,0.057603413630988941,0.328125,0.076919609289590296,0.26238805647151436
1.2618190037577262,0.15709495544433616,0.10434999186791676,0.10552501469353648,3.0628675172528793e-18,9.3406696631624539e-18,0.38875095681516014,-6.1298384729364626e-19,-2.762948682049623e-19,0.053980514774074347,0.296875,0.080300601132601082,0.25058755619451556
1.2968695316398853,0.15709495544433627,0.10431475723624534,0.10550124690559755,-5.4135470421222853e-19,3.0016615580091805e-18,0.38765456629351147,-5.3972873224595013e-19,1.5268596054871317e-19,0.049948886912058739,0.234375,0.083410949376501883,0.23834159797589966
1.3319200595220442,0.15709495544433646,0.10428062898658268,0.10552364739880399,-3.7837751473262549e-18,8.6540929737522415e-18,0.38621040467006723,-5.6694132003771964e-19,-4.8503224142149373e-19,0.045731056598025129,0.15625,0.086208273865505808,0.22590776980725058
1.3669705874042033,0.15709495544433585,0.10424769125379313,0.10554512976113098,3.6376053754228781e-18,4.0882716352746436e-17,0.38443795084604421,-5.1174603930389376e-19,-1.3355691257505687e-18,0.041123061483682027,0.125,0.088612472350895061,0.21348976744761405
1.4020211152863624,0.15709495544433583,0.1042159991642916,0.10557110062178238,1.6857544961964935e-18,-7.3042762098121377e-18,0.38235879185827198,-5.3555312451378245e-19,-5.310863492059961e-19,0.036449122072843239,0.09375,0.090531519545301378,0.20473611222165003
1.4370716431685213,0.15709495544433591,0.10418556643137208,0.10559080311603633,6.6139083735802363e-18,2.1730853581994716e-17,0.37999580952666479,-4.9048584320005584e-19,-1.7537651736777778e-18,0.032895411933825149,0.03125,0.091887742236489281,0.19747408156969878
1.4721221710506804,0.15709495544433594,0.10415641613305762,0.10559019721478337,1.6520554133369206e-18,1.5007212569852997e-17,0.37737418002470535,-4.7289502029350316e-19,-1.1366851279907689e-18,0.030848604864537877,0,0.092596281091127927,0.1911856255924152
1.5071726989328396,0.15709495544433583,0.10412853768140973,0.10558454836683819,1.1425252805001996e-18,3.896860844632278e-17,0.37451990567812987,-6.088818586359958e-19,-1.8424620964006138e-18,0.031110986380839076,0.0625,0.092847426452410536,0.1858812223082171
1.5422232268149987,0.15709495544433588,0.10410185470618483,0.10555725071887462,4.0298626999082906e-18,-8.9811425729044163e-18,0.37145928622554308,-4.728114750516353e-19,-1.1463962283821415e-18,0.033176422661907845,0.125,0.09269686615384852,0.18150323678094074
1.5772737546971576,0.15709495544433605,0.10407634974001106,0.10555228408181948,-1.7852510383393758e-18,1.0488839540041637e-17,0.3682212090114339,-4.073095238853987e-19,-1.8968508760372005e-18,0.035510265643631057,0.1875,0.092457364400102493,0.17714719730242573
1.6123242825793167,0.15709495544433608,0.10405208339702691,0.10552446011517497,-4.4676980339612685e-18,1.1799059881621775e-17,0.36483619836460135,-2.1117921038478797e-19,-1.1351432633289701e-18,0.039205395681686836,0.25,0.091941629863825397,0.17286065251631916
1.6473748104614758,0.15709495544433583,0.10402900937955516,0.10554895827027984,-2.623684219885519e-18,1.0413353594436211e-17,0.36133426926175211,-3.5680022132168572e-19,-2.3584540537887423e-18,0.044458178948577579,0.34375,0.091365757823574742,0.1687100761835483
1.6824253383436347,0.15709495544433585,0.10400701143300693,0.10560360938969791,3.2129969313922764e-18,1.0159936491332231e-17,0.35774518129780492,-2.0760165423549612e-19,-1.7617027988358366e-18,0.052108597231864028,0.421875,0.090408012501715748,0.16470740208025519
1.7174758662257938,0.15709495544433497,0.10398584614278614,0.10561277356285935,-4.7655979264399144e-18,3.2098376423742096e-18,0.35409679786377946,-3.2212150132101259e-19,3.6161358530613179e-19,0.060899188784708805,0.453125,0.088799814380999043,0.16078867754583373
1.752526394107953,0.15709495544433572,0.10396543228357324,0.10556432779705532,1.6992341293403232e-18,3.4008103449393865e-17,0.3504197211539069,-4.9733655303322002e-19,-4.3561316290512565e-18,0.070126241032970341,0.546875,0.086448433139607567,0.16663370647704667
1.7875769219901121,0.15709495544433613,0.10394566353943545,0.10551741927178074,9.300399259145267e-18,1.0149152784817151e-17,0.3467440245078901,-2.7005130894141205e-19,-1.3366576954366885e-18,0.079207690258600152,0.609375,0.083426130336842402,0.17395028999087073
1.822627449872271,0.15709495544433566,0.10392643806597937,0.10550035937103136,2.5996736233480772e-18,-1.0744278588117216e-17,0.34309924662123581,-4.0151098779140197e-19,-8.2418621873558571e-19,0.088239258584458802,0.734375,0.079685054717474516,0.18052610185407503
1.8576779777544301,0.15709495544433577,0.10390770457754421,0.10560524641559058,1.546914274815059e-18,2.9284839995796304e-17,0.33951449940304385,-2.2306331424533731e-19,-2.0705819657304878e-18,0.096354999835045571,0.765625,0.075272178326926523,0.18808928964379959
1.8927285056365892,0.15709495544433602,0.10388928238791713,0.10560357121611338,3.2089530414491246e-18,-2.7960466039415096e-17,0.33601607432086811,-5.0211848415438907e-19,-7.5840881642536895e-19,0.10492825487667738,0.796875,0.069865538525362161,0.194900656639897
1.9277790335187484,0.15709495544433572,0.10387093574671173,0.10558339508716438,5.3818699042343074e-18,-2.6996335278802804e-18,0.33262837010686208,-2.544655718396879e-19,-1.0739120456653448e-18,0.11317213019168536,0.828125,0.063506356995926438,0.20092815775430048
1.9628295614009073,0.15709495544433563,0.10385252796229179,0.10555022161810389,8.908141934659883e-18,-1.6869423888672955e-17,0.32937578949064489,-6.9982788544436353e-20,-1.9354338885291239e-18,0.12120425976170253,0.921875,0.056193316240950524,0.20616679951572367
1.9978800892830664,0.15709495544433585,0.10383386171137657,0.1055582479506534,6.8241906506239652e-18,2.46037003957732e-18,0.32628010570090016,-2.3329884714506848e-19,-2.0416141006788808e-18,0.12820518607567993,0.9375,0.047983306747202498,0.21058460341667379
2.0329306171652255,0.15709495544433622,0.10381480843274056,0.10553285249286364,6.987294211664275e-18,1.6408083444325358e-18,0.32336203115844148,-5.1979202512219706e-20,-3.4126262613161216e-18,0.13454577141139659,0.96875,0.039028797376457494,0.21409047191374758
2.0679811450473844,0.1570949554443361,0.10379529772958875,0.1055148114023747,-5.4108089916399508e-19,3.4310047231815544e-17,0.32064091095133074,-1.5883273968059472e-19,-1.6974738786323192e-18,0.13965515563893277,1.0625,0.029690356213765711,0.21656863520152408
2.1030316729295437,0.15709495544433627,0.10377524742002889,0.1055561688087764,6.7082658055870214e-18,-4.9049015102106281e-18,0.31813343831527169,-3.4431144843336011e-19,-7.9304121431173912e-19,0.1429170618605933,1.09375,0.021042769677916011,0.21801304715994935
2.1380822008117026,0.15709495544433599,0.10375458533076011,0.10557813409527977,8.0508372667123629e-18,-1.099230383796364e-17,0.31585383523025973,-3.3394687535807067e-19,-1.4270321404417821e-18,0.14491656357432448,1.09375,0.016438004987856608,0.21856879552052366
2.1731327286938615,0.1570949554443361,0.10373325582420155,0.10558090416116409,-1.5614891281518204e-18,-1.2394185684921806e-17,0.3138139160758639,-5.1912118164541656e-19,-2.2171914574993864e-18,0.14546242582981586,1.09375,0.02040889635319669,0.21839545109222647
2.2081832565760209,0.15709495544433624,0.10371131793511547,0.10557720157503349,5.2605532059398316e-18,9.6773656247831425e-18,0.31202427375406516,-2.3146995081071373e-19,-2.3788523276943e-18,0.14438068481278993,1.09375,0.030329286960615754,0.21759564761078773
2.2432337844581798,0.15709495544433599,0.10368879952710873,0.10557505377127853,6.6732187594130787e-18,-2.2083345988705822e-17,0.31049214616124365,-2.0851899753481743e-19,-2.6353312571449419e-18,0.14163460958077251,1.09375,0.042413251367177968,0.21620813710540443
2.2782843123403387,0.1570949554443361,0.10366577661001448,0.10557720157503349,-2.937296309747402e-19,2.1108094530749807e-17,0.30922246468856196,-2.1158949196861427e-19,-2.3237157767839653e-18,0.13703835182098198,1.09375,0.055211839949266629,0.21420812227793473
2.313334840222498,0.15709495544433577,0.10364237765803609,0.10558090416116409,5.3832178675486883e-18,-1.0951864938532169e-17,0.30821795221427256,-2.6363900483290098e-19,-1.6930865126633379e-18,0.13066067110741225,1.09375,0.0680870800370727,0.21226513360363042
2.3483853681046569,0.15709495544433613,0.10361875540050337,0.10557813409527977,-2.2139033723131246e-18,2.4623582854660303e-17,0.30747883528140824,-8.6231097316815476e-20,-1.238001518138714e-18,0.12256858567512145,1.09375,0.080627093221545446,0.20992349978961006
2.3834358959868158,0.15709495544433599,0.10359509676765027,0.1055561688087764,9.1674142534106923e-19,5.4420648909922071e-18,0.30700324893883268,-9.742285100465794e-20,-1.4835715896710066e-18,0.11297488720931644,1.09375,0.092498740925342424,0.20679762780431438
2.4184864238689752,0.15709495544433602,0.10357159822640244,0.10551481140237472,-3.0179634893425028e-18,4.1645663588687091e-17,0.30678700551315202,-2.6497738306401178e-19,-1.2497739526165687e-18,0.10200635326597508,1.0625,0.10346673340094796,0.20357406010239726
2.4535369517511341,0.15709495544433535,0.10354845970510458,0.10553285249286366,-1.3667084292235037e-18,-2.0121722375450246e-18,0.30682380024538342,-3.4917527043517191e-19,-1.661048153177934e-18,0.089162729375246844,0.96875,0.11361233768122829,0.20032081624936518
2.4885874796332934,0.15709495544433585,0.10352586777631526,0.10555824795065341,-3.1621955639814723e-18,7.9223173894566792e-18,0.3071052814904997,-3.4214009932540841e-19,-1.6874484496081765e-18,0.075091713231305937,0.9375,0.12257802137505643,0.19530240311834413
2.5236380075154523,0.15709495544433574,0.10350399115410311,0.10555022161810389,6.9488772572043855e-18,-5.0245332543621239e-19,0.30762120432585593,-3.5896826170718721e-19,-8.9948281553506272e-19,0.060322366980981139,0.921875,0.13009618130132464,0.19345855817003665
2.5586885353976112,0.15709495544433574,0.10348298936870576,0.10558339508716438,2.7142505050706193e-18,8.0867689138113937e-18,0.30836005565779662,-3.5868288439585641e-19,-1.2798899443583993e-18,0.044547073289905127,0.828125,0.13639161595464216,0.19159185425868322
2.5937390632797706,0.15709495544433641,0.10346298292277115,0.10560357121611338,1.0872587846104983e-18,-7.3699894213882755e-19,0.30930885412679826,-2.9469136502814164e-19,-2.0149921198444741e-18,0.030257518020918632,0.796875,0.14115564948395301,0.18802063091180238
2.6287895911619295,0.15709495544433616,0.10344408450774283,0.10560524641559058,1.7817968823462685e-18,1.2845079413582868e-17,0.31045307381102955,-3.2386933395533714e-19,-4.1800083330264658e-19,0.021088811795154958,0.765625,0.14433680034084539,0.18195510403564905
2.6638401190440884,0.15709495544433608,0.10342638337102675,0.10550035937103136,-3.9922039748127142e-18,2.1933048079152122e-17,0.31177684605967598,-1.6410849762745793e-19,-1.7238410878380595e-18,0.020030793015494864,0.734375,0.1455339695181902,0.17279580920180954
2.6988906469262477,0.15709495544433574,0.10340998703965734,0.10551741927178075,-4.4099462307106871e-19,1.8630537958914155e-17,0.31326318696273198,-3.5200505531071582e-19,-2.403780242634198e-18,0.031227101877361812,0.609375,0.14564741861899294,0.15826900785902595
2.7339411748084066,0.15709495544433591,0.10339500469328218,0.10556432779705532,-1.5557602840656952e-18,-9.8842779935409323e-18,0.31489395185633251,-4.6096211277681318e-19,-2.6737819207388569e-18,0.04551325378770342,0.546875,0.14443153039785112,0.15495717458868608
2.7689917026905655,0.15709495544433608,0.10338153384171,0.10561277356285932,1.0606365091514391e-18,-1.4019829442067537e-17,0.31665033963824218,-4.3272464820609047e-19,-1.8730016046160716e-19,0.060471768860928442,0.453125,0.14192035878244935,0.15484460914696729
2.8040422305727248,0.15709495544433585,0.10336960469740476,0.10560360938969791,-2.7351018125899774e-19,4.8829971063519195e-19,0.31851386419396233,-3.8661760086238471e-19,-1.0226433912993081e-18,0.075372002244654984,0.421875,0.13802673061108006,0.15473206223423583
2.8390927584548837,0.15709495544433577,0.10335916686020656,0.10554895827027984,-8.1134754369776028e-19,1.5585488831723262e-17,0.3204655109008952,-2.8304631636462012e-19,-2.0392516728494293e-18,0.089202836717909614,0.34375,0.13280518322205004,0.15461953389095318
2.8741432863370426,0.15709495544433588,0.10335008365172291,0.10552446011517497,2.3405276761579681e-18,-1.8737701042407575e-17,0.32248712278029623,-2.4013549490781925e-19,-2.8659392857573754e-18,0.10244696198992664,0.25,0.12637855716178481,0.15450702415769205
2.909193814219202,0.15709495544433538,0.10334210357630308,0.10555228408181948,-7.5978794692261765e-19,-1.5450018518627821e-17,0.32456110457172183,-1.3372698090899777e-19,-2.6720316065626947e-18,0.11471489243920728,0.1875,0.11874073434619202,0.1543945330751367
2.9442443421013609,0.15709495544433585,0.1033349792057824,0.10555725071887462,-2.2970137354155466e-19,-1.3868857550856678e-17,0.32666998369195893,-1.1993208983345093e-19,2.0720874344453343e-19,0.12637294953059605,0.125,0.10989412084191616,0.15428206068408332
2.9792948699835202,0.15709495544433641,0.10332853306821212,0.10558454836683819,1.3373270413553056e-17,1.2660408439512397e-17,0.32879591052364265,-3.4096881157803333e-19,-1.9329622728588155e-18,0.13725841377878462,0.0625,0.10015506134367451,0.15416960702544025
3.0143453978656791,0.15709495544433613,0.10332259459271546,0.10559019721478335,1.8586307912660919e-18,1.0758432202918203e-17,0.33092097688398997,-8.998318857535601e-20,-1.9942762085836961e-18,0.14702472136865599,0,0.089721246147079256,0.1540571721402286
3.049395925747838,0.15709495544433608,0.10331705584363118,0.10559080311603634,7.1084002906908671e-19,2.0455680286588506e-17,0.3330273167294836,-2.6632899618492343e-19,-2.4545195014082007e-18,0.15576308644633646,0.03125,0.078828965394063311,0.15394475606958227
3.0844464536299974,0.1570949554443358,0.10331175430105531,0.10557110062178236,9.1046075877311767e-18,-5.7000987684479532e-17,0.33509980502842207,-1.6640475100790513e-19,-1.1286316975469527e-18,0.1632151352289675,0.09375,0.067260047930571651,0.15383235885474877
3.1194969815121563,0.15709495544433608,0.10330661509794625,0.10554512976113098,-9.1648868221962195e-19,-2.0538580030423053e-17,0.33712249200335698,-1.6743128214808344e-19,4.8777186361026936e-19,0.16937489019389551,0.125,0.055248045635676625,0.15890649519126346
3.1545475093943152,0.15709495544433577,0.1033016295911358,0.10552364739880399,3.2450110601088711e-18,-2.7605951687732444e-17,0.3390795150813104,-2.1983400113393029e-19,7.6259435032488727e-20,0.17426598432616014,0.15625,0.043501024901127582,0.16288472209418914
3.1895980372764745,0.15709495544433547,0.10329677349922706,0.10550124690559755,-5.2962321099174293e-19,1.840273215878348e-17,0.3409564510213659,-3.3880159837314439e-19,-2.4567925937314964e-19,0.17785204859317316,0.234375,0.033058059494897561,0.16692696067211499
3.2246485651586334,0.15709495544433572,0.10329198082500304,0.10552501469353648,8.9650933846925553e-18,2.3747406700311506e-17,0.34273995057025491,-5.1364607317092806e-20,-3.0835837398098778e-18,0.18034387010049896,0.296875,0.025827445466728903,0.16906064427606773
3.2596990930407923,0.15709495544433608,0.10328715784000382,0.10554739830858044,5.9894643681923691e-18,-3.5701819353915854e-17,0.34441782763624568,-1.3297011064851175e-19,-5.6924584522429237e-19,0.18150730123904235,0.296875,0.024468493979433872,0.16781767534867961
3.2947496209229516,0.1570949554443356,0.10328217946384334,0.10555850535281294,2.5524949073446777e-18,-5.983272161716941e-18,0.34598071728566698,-8.0203432193141563e-20,-1.6649491369467341e-19,0.1813001775308169,0.328125,0.029418764609757508,0.16383928462159539
3.3298001488051105,0.15709495544433585,0.10327697910327129,0.1055673512888721,-6.2465462465573342e-19,-2.1550900479524612e-17,0.34741967839729909,-5.5851234959580429e-20,-1.787868175972114e-19,0.17976492604734698,0.328125,0.038448973702682063,0.16363046654185268
3.3648506766872694,0.15709495544433622,0.1032715533151084,0.10556971102840439,-3.3101345377349838e-18,-5.563718580115253e-19,0.34872681810838002,-3.1092643891071991e-19,2.4019339755069796e-19,0.1768906060752338,0.328125,0.049400662063349442,0.16525732486199965
3.3999012045694288,0.15709495544433608,0.10326593164034599,0.1055673512888721,2.8301753501075393e-18,-2.2386300743613359e-18,0.34989488734407492,-3.8346935145100789e-19,-4.9255296755082586e-19,0.1726948072893314,0.328125,0.061070042013646263,0.16388582539647681
3.4349517324515877,0.15709495544433569,0.10326016416992378,0.10555850535281294,1.7383798264670734e-17,-9.5671696238323771e-19,0.35091758047590538,-4.4352845418664557e-19,-2.3614021254918813e-19,0.1671830126838357,0.328125,0.072811855158811736,0.16014374232446216
3.470002260333747,0.15709495544433569,0.10325429084974869,0.10554739830858044,7.3992654996225619e-18,1.1421630153594603e-17,0.35179028512893312,-5.0840174808734187e-19,-3.6879351302309207e-19,0.16038996995636887,0.296875,0.084286254749121076,0.15450086399165081
3.5050527882159059,0.15709495544433591,0.10324834706236345,0.10552501469353648,1.1670455756658948e-17,-1.0632060642194825e-18,0.35250972096569522,-4.9177376341380091e-19,-1.1223715946711513e-18,0.15230344276780416,0.296875,0.09531757130631037,0.15248507820049514
3.5401033160980648,0.15709495544433605,0.10324237209959698,0.10550124690559755,3.9751016902614827e-18,-4.4024144856915643e-17,0.35307369946338035,-3.7683949884139537e-19,8.9522448974163973e-19,0.14301091931754153,0.234375,0.1057670797696622,0.15237292991697687
3.5751538439802242,0.15709495544433597,0.10323639404704953,0.10552364739880399,6.1104440756582353e-18,-1.3252838316183701e-17,0.35348159874519935,-3.8876496173257237e-19,1.0363580458554373e-19,0.13273869382720344,0.15625,0.1155378166842698,0.15226080107884168
3.6102043718623831,0.1570949554443356,0.1032304349485717,0.10554512976113101,6.9889791658072807e-18,-4.1701604066234091e-17,0.35373402694745593,-4.3316057238890592e-19,5.0964251900617141e-20,0.12132622921321932,0.125,0.12453030606507447,0.15214869172908152
3.645254899744542,0.15709495544433583,0.103224518670109,0.10557110062178236,2.7713283266640173e-19,-2.2340806981752974e-17,0.35383279468461143,-3.6520437634522448e-19,-1.1477958179785812e-20,0.10889512823067342,0.09375,0.13265915195913844,0.15203660191080759
3.6803054276267013,0.1570949554443361,0.10321867410601698,0.10559080311603632,5.1626573702327811e-18,5.9927079049176017e-18,0.35378076734345765,-3.8576477765084254e-19,8.6754702644561543e-19,0.095450268882274952,0.03125,0.1398305215297754,0.15192453166725092
3.7153559555088602,0.15709495544433591,0.10321293253259968,0.10559019721478337,1.376805516925298e-17,-1.6559392326364864e-17,0.35358194449610275,-3.8551496910585153e-19,3.4149986153129237e-19,0.081042598529646001,0,0.14595046033768777,0.15181248104176251
3.7504064833910191,0.15709495544433558,0.10320732431973646,0.10558454836683819,1.0358213470107254e-17,-2.7154383977414218e-17,0.35324138045247711,-3.4914135603005724e-19,6.0593626847469447e-19,0.065813773248032045,0.0625,0.15103369139732534,0.15170045007781394
3.7854570112731785,0.15709495544433605,0.10320187919803778,0.10555725071887459,1.069061279866332e-18,-1.1433761823424022e-17,0.35276507170949567,-4.4776692764536728e-19,4.8208416971835474e-19,0.049699881111315465,0.125,0.1550041447065324,0.1515884388189975
3.8205075391553374,0.15709495544433597,0.10319662034914837,0.10555228408181948,4.3766262625332797e-18,5.4019629823893181e-19,0.35215987611908139,-3.7695944003021556e-19,6.8382690367513777e-19,0.033085019183951701,0.1875,0.1578426119412378,0.15147644730902698
3.8555580670374967,0.15709495544433585,0.10319156718960749,0.10552446011517497,-2.3510586395515845e-18,1.1536207035317133e-17,0.35143359764935778,-5.6480636687672027e-19,1.6564093243027366e-18,0.017721312541772387,0.25,0.15943796966819948,0.1513644755917376
3.8906085949196556,0.15709495544433583,0.10318673690613189,0.10554895827027984,8.3325615994183905e-18,-2.078997518855549e-17,0.35059481189309344,-5.8787643416082422e-19,1.6281627607452759e-18,0.0098350776432835751,0.34375,0.15985451862611208,0.15125252371108677
3.9256591228018145,0.15709495544433569,0.10318214052851486,0.10560360938969791,5.9815450837203847e-18,2.3451191761975878e-18,0.34965263758091375,-7.6724558690927295e-19,3.8205487260354221e-19,0.023140987749135027,0.421875,0.15912297594796856,0.15114059171115429
3.9607096506839738,0.15709495544433591,0.10317778203374606,0.10561277356285932,9.9801097604228394e-18,-1.3318214536931274e-17,0.34861676961802773,-8.3135539310458281e-19,1.8332241433196216e-18,0.040760676653688703,0.453125,0.15711075067426589,0.15102867963614272
3.9957601785661327,0.15709495544433558,0.10317366072021045,0.10556432779705532,6.9202330367737569e-18,1.379269762359407e-17,0.34749744198998034,-8.8172159342232411e-19,3.4586075772067193e-20,0.059328244239743019,0.546875,0.15372055393541562,0.15091678753037804
4.0308107064482916,0.15709495544433558,0.10316976583547115,0.10551741927178074,2.8065859921058482e-18,1.0298776712713685e-17,0.34630513578721323,-9.245579686239952e-19,2.0775137392636822e-19,0.077791407913140681,0.609375,0.14902726769887467,0.15080491543830965
4.065861234330451,0.15709495544433599,0.10316608607398384,0.10550035937103137,1.099815905361049e-17,-2.4903959224051959e-17,0.34505089200764905,-8.9313254997249312e-19,4.7293886086596847e-19,0.095706472270291762,0.734375,0.1429868993934246,0.15069306340451114
4.1009117622126103,0.15709495544433552,0.10316261995453894,0.10560524641559058,-9.7950596716702405e-19,-6.6036385780787981e-17,0.34374620580366344,-9.0919887901011058e-19,5.0949693521836208e-19,0.11225121218537322,0.765625,0.13568097596808529,0.15058123147368049
4.1359622900947688,0.15709495544433602,0.10315936597544167,0.10560357121611338,3.6605207517673829e-18,6.28410387440432e-17,0.34240274180622776,-1.0103622407447333e-18,-1.0268884822029303e-18,0.12886739535448072,0.796875,0.1267881756504326,0.15046941969064045
4.1710128179769281,0.15709495544433608,0.10315630397876564,0.10558339508716438,3.222264179178654e-18,1.4406357922466823e-18,0.34103185163823208,-9.605403252700519e-19,1.7091503601591177e-18,0.14464646014038157,0.828125,0.11643129798706033,0.15035762810033912
4.2060633458590875,0.15709495544433652,0.10315341787707395,0.10555022161810389,-3.6056754944134184e-18,5.1151837872543462e-18,0.33964496477944112,-1.08085705408834e-18,1.5318789374441034e-18,0.15925463228202572,0.921875,0.10464284670481179,0.15024585674785015
4.2411138737412459,0.15709495544433577,0.10315068501984842,0.10555824795065341,3.4748388052111492e-18,6.7933981136610358e-18,0.33825347223661406,-1.0463305353203766e-18,1.7840995411013224e-18,0.17202903671990752,0.9375,0.091531431538192126,0.15013410567837332
4.2761644016234053,0.15709495544433608,0.10314807439915871,0.10553285249286364,-3.1347308114509171e-18,-3.0806690577734493e-17,0.33686829383836481,-1.0174180913698106e-18,1.3809945762695308e-18,0.18344171834848821,0.96875,0.077145010624832741,0.15002237493723478
4.3112149295055646,0.15709495544433574,0.10314555117669957,0.10551481140237472,6.4263729774667275e-18,-4.0051359978600836e-18,0.3354999471990146,-9.5648052282364164e-19,-1.6020172359436998e-19,0.19294271892168405,1.0625,0.061640797581167493,0.14991066456988764
4.3462654573877231,0.15709495544433583,0.1031430804734647,0.1055561688087764,-1.0356149401282088e-18,3.5993990402308392e-18,0.3341585833460885,-1.0565371168986684e-18,3.0437533389542245e-18,0.19984762007915569,1.09375,0.045195078398222677,0.1497989746219123
4.3813159852698824,0.15709495544433591,0.1031406242565613,0.10557813409527977,-3.8085439732280533e-18,-1.2403621428122501e-17,0.33285379647940538,-9.7311098903902026e-19,-4.9794949386712181e-19,0.20474998654340176,1.09375,0.028007979328617819,0.14968730513901671
4.4163665131520418,0.1570949554443358,0.10313816913807937,0.10558090416116409,6.0497857265110129e-18,-2.6935339938826965e-17,0.3315951954690487,-1.0948719752068259e-18,8.2233002544101672e-19,0.20754484382408739,1.09375,0.010742613262027178,0.14957565616703711
4.4514170410342002,0.15709495544433608,0.10313568830713778,0.10557720157503349,-7.1934904749112849e-19,-1.6331586526234144e-17,0.33039148180983358,-1.1847244692453986e-18,2.7152799177094172e-18,0.20800230671170897,1.09375,0.0098743111879609179,0.14946402775193818
4.4864675689163596,0.15709495544433572,0.10313315627352433,0.10557505377127853,8.5069543532166785e-18,-4.8680010144794145e-17,0.32925057428412463,-1.1975556949073211e-18,1.3357709578200316e-18,0.20601069662524965,1.09375,0.027550483864284145,0.14935241993981357
4.5215180967985189,0.15709495544433544,0.10313057115264883,0.10557720157503349,4.819347963600917e-18,5.4560500103789488e-17,0.3281802017086291,-1.1621374754390256e-18,1.3249018045710849e-18,0.20154673223344283,1.09375,0.04573525845096163,0.14924083277688627
4.5565686246806774,0.15709495544433569,0.10312791807327627,0.10558090416116409,7.931205522560899e-18,-1.5638733382641392e-17,0.32718698988395029,-1.1168584358884854e-18,1.7199202517345581e-18,0.19467896532797133,1.09375,0.063636888600077157,0.14912926630950907
4.5916191525628367,0.15709495544433594,0.10312518681642124,0.10557813409527977,1.9260289569852372e-18,-1.8349150617036709e-18,0.32627672399238783,-1.1939781387580293e-18,1.3295273985564814e-18,0.18556250242076575,1.09375,0.080933368132462963,0.1490177205841649
4.626669680444996,0.15709495544433622,0.10312236944483053,0.1055561688087764,7.1537676809905585e-18,-2.1414082203114701e-17,0.3254543236899119,-1.2242603938029831e-18,1.6656307337714778e-18,0.17442596070876715,1.09375,0.097351258439045046,0.14890619564746743
4.6617202083271545,0.15709495544433608,0.10311946339347626,0.10551481140237472,5.9935082581355178e-18,-1.0669466624168938e-17,0.3247237683459806,-1.1810526145062757e-18,2.583215569831651e-18,0.16140734461571665,1.0625,0.11265866966450191,0.14879469154616129
4.6967707362093138,0.15709495544433572,0.10311649620919983,0.10553285249286366,3.7112378714710451e-18,-7.4306477705355371e-19,0.32408897444916485,-1.2457803246191626e-18,2.254950598101207e-18,0.14598687507534897,0.96875,0.12676994893699722,0.14868320832712262
4.7318212640914732,0.15709495544433574,0.10311347814303194,0.10555824795065341,4.9120625653183037e-19,5.1593295858004105e-19,0.32355241229795045,-1.1226147857712419e-18,1.548766656829986e-18,0.12885925472337664,0.9375,0.13945108368483727,0.14857174603735948
4.7668717919736316,0.15709495544433585,0.10311041862330007,0.10555022161810389,1.0494357764859904e-17,5.4386949827062549e-18,0.32311557260134716,-1.2988629860685281e-18,6.4022125050379236e-19,0.11059646515683778,0.921875,0.15050301691331444,0.14846030472401223
4.801922319855791,0.15709495544433613,0.10310733214217183,0.10558339508716438,2.1410291056293012e-18,2.9651823008136968e-18,0.32277910582653613,-1.3065996063377366e-18,6.4524058246076413e-19,0.090845842335067817,0.828125,0.15995666245061377,0.14834888443435407
4.8369728477379503,0.15709495544433605,0.1031042371347461,0.10560357121611338,3.7955698263271149e-18,3.976154786600844e-18,0.3225428377447716,-1.249179209756143e-18,1.1759563547523365e-18,0.070313127490067018,0.796875,0.16763757975232255,0.14823748521579125
4.8720233756201088,0.15709495544433558,0.10310115482595049,0.10560524641559058,-7.4403362568576703e-19,-8.8507271222378916e-18,0.32240578828910793,-1.3511374920594292e-18,9.0305292705884159e-19,0.04930150645412746,0.765625,0.17347949930796694,0.1481261071158638
4.9070739035022681,0.15709495544433555,0.10309810796393384,0.10550035937103136,3.9221520063183933e-19,4.2683258349933429e-17,0.32236619826658897,-1.5978821600615472e-18,7.8614252800304687e-19,0.028697415515493575,0.734375,0.17731530849531268,0.14801475018224572
4.9421244313844275,0.15709495544433619,0.10309511941027175,0.10551741927178075,4.7258330086655831e-18,5.1185536955403138e-18,0.32242155184110732,-1.6599769542846779e-18,8.038011797198289e-19,0.010982051982263541,0.609375,0.17963732952963371,0.1479034144627456
4.9771749592665868,0.15709495544433633,0.10309221056974539,0.10556432779705539,-6.7267581773062086e-19,1.8961799943423673e-17,0.32256861298454081,-1.5269191624912355e-18,5.0090087429271101e-19,0.01793344384359306,0.546875,0.18028515099981865,0.14779210000530688
5.0122254871487453,0.15709495544433549,0.10308940262289143,0.10561277356285932,-9.2755461855363705e-18,2.9887379597325496e-17,0.32280346975091279,-1.5253764706488241e-18,3.470552065251985e-19,0.037753792855949202,0.453125,0.17920119796499914,0.14768080685800841
5.0472760150309046,0.1570949554443356,0.10308671526359539,0.1056036093896979,1.9007546448405628e-18,-2.5578614862900647e-17,0.32312161813038526,-1.6284638544882452e-18,6.9480524476494155e-19,0.058009770391782629,0.421875,0.176333269174309,0.14756953506906489
5.082326542913064,0.1570949554443358,0.10308416553803028,0.10554895827027984,6.4318912022849805e-19,2.5483583449236622e-17,0.32351809881035104,-1.6827897683982778e-18,7.4998480906712892e-19,0.077199950556783525,0.34375,0.17173416301004568,0.14745828468682723
5.1173770707952224,0.15709495544433594,0.10308176347281314,0.10552446011517497,5.8667154588763851e-18,-1.2101003664043546e-17,0.32398741682569993,-1.7806162835418616e-18,6.1099530510106879e-19,0.09582606726130978,0.25,0.16558656821383586,0.14734705575978313
5.1524275986773818,0.15709495544433594,0.10307951444508584,0.10555228408181948,-1.5116144855196563e-18,9.2419734742374965e-18,0.32452365220969187,-1.7992220570600169e-18,9.7747271240901238e-19,0.11390094908738085,0.1875,0.15801124676906431,0.14723584833655734
5.1874781265595411,0.15709495544433505,0.10307741742868112,0.10555725071887474,1.3078192819264047e-18,-4.5012875948015759e-17,0.32512056463890537,-1.7640900420836647e-18,3.5042017725706422e-19,0.13078608016268412,0.125,0.149033272227174,0.14712466246591233
5.2225286544416996,0.15709495544433599,0.10307546926345175,0.10558454836683816,-1.3232323999492934e-17,-6.3748555045451477e-18,0.32577168606889545,-1.8443422779329469e-18,5.1283212744817589e-19,0.1464930491346764,0.0625,0.13880278746011293,0.14701349819674847
5.2575791823238589,0.15709495544433577,0.10307366122532056,0.10559019721478342,-3.2992665835127813e-18,-6.362386843887115e-18,0.32647029331528599,-1.8986872169970682e-18,1.14871233409729e-18,0.16074569506687375,0,0.12738811708247655,0.14690235557810483
5.2926297102060182,0.15709495544433572,0.10307198239818691,0.10559080311603633,-1.0993904544399489e-18,4.3158415418253339e-18,0.32720942201604664,-1.8184300180641107e-18,-1.0955014596529788e-18,0.1736356158141085,0.03125,0.11493795405384093,0.14679123465915919
5.3276802380881767,0.15709495544433549,0.10307042333044311,0.1055711006217824,5.8612393579117212e-18,2.8758123330701246e-17,0.32798194025920319,-1.7951142781380785e-18,9.204865856490092e-20,0.18493603353026974,0.09375,0.10164011371833932,0.14668013548922904
5.362730765970336,0.15709495544433574,0.10306897601803272,0.10554512976113098,5.4124939457829423e-19,1.8063382394387563e-17,0.32878062188213997,-1.5759577379258292e-18,-4.652990207284287e-19,0.19470657434866467,0.125,0.087676697672073825,0.14656905811777143
5.3977812938524954,0.15709495544433616,0.10306763443627126,0.10552364739880399,4.1381210035946567e-18,2.8425850373705754e-17,0.32959829468469981,-1.5709979629729612e-18,-1.0088559448492742e-18,0.20290853399496966,0.15625,0.073231114293668562,0.14645800259438388
5.4328318217346538,0.15709495544433608,0.10306639130151846,0.10550124690559755,-7.8919460910294789e-18,7.2119407227769008e-18,0.33042794456475066,-1.6269583857733986e-18,5.123722150275964e-19,0.20949073139103797,0.234375,0.058479589853448116,0.14634696896880472
5.4678823496168132,0.15709495544433591,0.10306523588234125,0.10552501469353648,5.3777417665840028e-18,5.7662500681012885e-18,0.33126255289442275,-1.621496512188711e-18,-1.2287635650577218e-18,0.2146322901323465,0.296875,0.043697373270833402,0.1462359572909134
5.5029328774989725,0.15709495544433616,0.10306415688220991,0.10554739830858044,7.7296007593534899e-18,8.951487379987977e-18,0.33209540914847469,-1.6955275226509819e-18,2.5784874054502979e-20,0.21813809148407948,0.296875,0.029373422170051022,0.14612496761073118
5.537983405381131,0.15709495544433585,0.10306314142228457,0.10555850535281294,1.4039880396369004e-19,2.2913354399537089e-17,0.33291991715328539,-1.6237050844242276e-18,-2.7379678275505216e-19,0.21994703995782128,0.328125,0.017534650773851253,0.14601399997842146
5.5730339332632903,0.15709495544433591,0.10306218024912579,0.1055673512888721,5.6978830537499323e-18,3.8093443264459687e-18,0.33372967032928746,-1.6022347844448012e-18,-8.1383322618887202e-19,0.22009948798306267,0.328125,0.016246936245673842,0.14590305444429025
5.6080844611454497,0.15709495544433624,0.10306126315405843,0.10556971102840439,4.4933093369345382e-18,1.0816394625436658e-17,0.33451875082203214,-1.632914913364393e-18,-2.1071764360298338e-18,0.2185868544484483,0.328125,0.027138960446505694,0.14579213105878661
5.6431349890276081,0.15709495544433597,0.103060375611206,0.1055673512888721,-4.8955078908635326e-18,4.2717968405278671e-17,0.33528149557229581,-1.738878404193661e-18,-1.2350468289906746e-19,0.21542945036106789,0.328125,0.041375905886635048,0.1456812298725032
5.6781855169097675,0.15709495544433622,0.10305950388221734,0.10555850535281294,5.8328900044560798e-19,8.3233364754855612e-18,0.3360125552631924,-1.6941113894422911e-18,-1.4030836073471468e-18,0.21063760693319583,0.328125,0.056202769648264241,0.14557035093617685
5.7132360447919268,0.15709495544433605,0.10305863504352486,0.10554739830858044,4.2443573623094592e-18,5.576524231601896e-18,0.3367069724699156,-1.81588312895806e-18,-2.4030589411400518e-19,0.20425071604931158,0.296875,0.070919648501261701,0.14545949430068858
5.7482865726740853,0.15709495544433619,0.10305775788285834,0.10552501469353649,3.038941168422583e-18,1.2101340654872123e-18,0.33736020955651175,-1.9744445533977373e-18,-8.2727987422653404e-19,0.1962581908663521,0.296875,0.085235372372911455,0.14534866001706473
5.7833371005562446,0.15709495544433585,0.10305686290931845,0.10550124690559755,8.7781898463826472e-19,9.1351473815726595e-18,0.33796815787522977,-1.9477365457796251e-18,-7.2531828320079763e-19,0.18673386680361431,0.234375,0.098974607619527311,0.14523784813647689
5.818387628438404,0.1570949554443361,0.10305594328534935,0.10552364739880399,4.9503531482174809e-18,-1.6312715039832781e-17,0.33852718306660839,-2.1324641745361924e-18,-1.1538904847318719e-18,0.17592318273985311,0.15625,0.11201715162220481,0.14512705871024259
5.8534381563205633,0.15709495544433563,0.10305499482276968,0.10554512976113101,-4.771368894379596e-19,1.9367536901052998e-17,0.33903413825310741,-2.0453322775323066e-18,-1.2000670152470321e-18,0.16367508614844334,0.125,0.12423897916625173,0.14501629178982586
5.8884886842027218,0.15709495544433619,0.1030540157562314,0.10557110062178238,-5.0032607083070053e-18,3.3018361385808151e-18,0.33948637595957831,-1.9710597303311703e-18,-2.007673225784605e-18,0.15008340294050213,0.09375,0.13553283507386676,0.14490554742683748
5.9235392120848811,0.15709495544433588,0.1030530066389679,0.10559080311603633,-3.1420182381193033e-19,-1.2413731152980376e-17,0.33988175858457309,-1.9801140493161757e-18,-1.0274741260766178e-18,0.13518234663734413,0.03125,0.14578881013696982,0.14479482567303575
5.9585897399670404,0.15709495544433597,0.1030519702299515,0.10559019721478337,-1.0629954449516098e-18,9.5600928164318509e-18,0.34021867493067443,-1.9171283815733254e-18,-1.7534012142082545e-18,0.11899429211926843,0,0.15489516014964058,0.14468412658032676
5.9936402678491989,0.15709495544433594,0.10305091106229847,0.10558454836683817,-6.3160084811016227e-18,-1.309883350751546e-18,0.34049609351117144,-1.8542312221560183e-18,-1.5039103065724605e-18,0.10171172858627828,0.0625,0.16282986188491222,0.14457345020076492
6.0286907957313582,0.15709495544433622,0.10304983549388451,0.10555725071887474,-7.2017046263582985e-18,4.3845876708588462e-18,0.340713415212337,-1.8078512052101701e-18,-1.6841529620477652e-18,0.083328026681011413,0.125,0.16948428883156519,0.14446279658655345
6.0637413236135176,0.15709495544433585,0.10304875143815558,0.10555228408181948,-1.3689831173165204e-18,1.5856429457914208e-17,0.34087050721903323,-1.683635146984307e-18,-1.7541853814289547e-18,0.064125615926998517,0.1875,0.17478953782292844,0.14435216579004495
6.098791851495676,0.1570949554443358,0.10304766728018153,0.10552446011517495,-3.566837301417779e-18,4.879627198065964e-18,0.34096771166129186,-1.4876942578439709e-18,-1.7638534684284745e-18,0.044020364220252774,0.25,0.17862302541285757,0.14424155786374174
6.1338423793778354,0.15709495544433641,0.10304659126794019,0.10554895827027984,-3.4812416309544541e-18,1.9262395762531037e-17,0.34100582479373703,-1.4661734998471788e-18,-1.4978785055457238e-18,0.023695891354465436,0.34375,0.18099209155892015,0.14413097286029647
6.1688929072599947,0.15709495544433577,0.10304553122210622,0.10560360938969791,-2.9300931307861746e-18,2.0019277163557095e-17,0.34098608458697344,-1.5439433666781893e-18,-1.857096575797902e-18,0.0066311942160280019,0.421875,0.1818080839889275,0.14402041083251257
6.2039434351421532,0.15709495544433591,0.1030444945715133,0.10561277356285932,1.0012839994650197e-18,2.1747703123424503e-17,0.34091015599964669,-1.452099021724589e-18,-1.8546150339602429e-18,0.019216065590824786,0.453125,0.18094301406265736,0.14390987183334483
6.2389939630243125,0.15709495544433608,0.10304348805803082,0.10556432779705532,-1.4438877537426309e-17,-8.9396927009871325e-18,0.34078010537816811,-1.2781197778475358e-18,-2.1447172009499404e-18,0.040914662354525969,0.546875,0.17839306742684283,0.14379935591589971
6.2740444909064719,0.15709495544433638,0.10304251742345048,0.10551741927178074,-2.4851388654790968e-18,1.124167705112444e-17,0.3405983729424249,-1.2751303471137692e-18,-1.9410984213638871e-18,0.062569050949602675,0.609375,0.17425944748913083,0.14368886313343596
6.3090950187886303,0.15709495544433616,0.1030415875096842,0.10550035937103136,-1.0616348444811533e-17,2.6247541657663049e-17,0.34036772383930186,-1.2290754121486543e-18,-1.5590468574827951e-18,0.083832227421824737,0.734375,0.16851706080891979,0.14357839353936516
6.3441455466707897,0.15709495544433616,0.10304070218726594,0.10560524641559058,-1.5242137301237764e-17,1.0717993303486715e-17,0.34009126193301747,-1.072621643909762e-18,-2.716338708893485e-18,0.10363954875488685,0.765625,0.16126993328938491,0.14346794718725212
6.379196074552949,0.15709495544433599,0.10303986430944879,0.10560357121611338,-4.6366989345020221e-18,4.7812258761160093e-18,0.33977237432201296,-1.1052985868280569e-18,-2.3336485615795021e-18,0.1233730531653171,0.796875,0.15219538620409656,0.14335752413081546
6.4142466024351075,0.15709495544433599,0.10303907536015947,0.10558339508716437,-1.4988130464183761e-17,-1.1784906266820761e-17,0.33941465812458149,-8.9733462748426251e-19,-2.6471003829003464e-18,0.14215033652444986,0.828125,0.14143352185167019,0.14324712442392817
6.4492971303172668,0.15709495544433588,0.10303833576649707,0.10555022161810389,-1.2807631307755192e-17,-1.1333001565673915e-17,0.33902191491376799,-8.0953188700359628e-19,-1.7694518268142334e-18,0.1597473240546568,0.921875,0.12904479690461484,0.14313674812061788
6.4843476581994262,0.15709495544433585,0.10303764515098862,0.1055582479506534,-1.1272301092673113e-17,5.0420567774490972e-18,0.33859812134154793,-7.1498845171123543e-19,-2.286568749835434e-18,0.17548368990831592,0.9375,0.11516217409726975,0.14302639527506761
6.5193981860815846,0.15709495544433591,0.10303700214019425,0.10553285249286365,-1.0384414507030549e-17,-1.3294625178929574e-17,0.33814739327270227,-5.6095170522222316e-19,-1.6356503996501059e-18,0.18972733124364011,0.96875,0.099830242712626208,0.14291606594161624
6.554448713963744,0.15709495544433602,0.10303640438529878,0.10551481140237472,-8.8444085442016963e-18,-2.6400872484674123e-17,0.33767395002134876,-4.6043768026845456e-19,-1.714973711671491e-18,0.20188518009881809,1.0625,0.083232399160091411,0.14280576017475882
6.5894992418459033,0.1570949554443358,0.10303584869753704,0.1055561688087764,-2.5555278248020362e-18,-3.535606676377671e-17,0.33718207900126024,-4.4403717026336568e-19,-2.6900674526388009e-18,0.2112735165434918,1.09375,0.065569693004379023,0.1426954780291475
6.6245497697280618,0.1570949554443361,0.10303533115113733,0.10557813409527977,-1.2923471905084951e-17,5.7376058476706452e-18,0.33667610101706352,-2.379914427600818e-19,-2.7472686463580678e-18,0.21850995803161721,1.09375,0.046985477863255382,0.14258521955959153
6.6596002976102211,0.1570949554443366,0.10303484725317673,0.10558090416116409,-1.1825134546984329e-17,-3.1414285041692464e-17,0.33616033525460021,-4.7975648347463052e-20,-2.841302538393096e-18,0.22345235177153983,1.09375,0.027737905485920623,0.14247498482105819
6.6946508254923804,0.15709495544433577,0.10303439209263501,0.10557720157503349,-5.9252676153448974e-18,4.0789875379468335e-17,0.33563906596599707,8.7950805810313221e-20,-3.1884503891469005e-18,0.22587687904138171,1.09375,0.0083931157997952383,0.14236477386867311
6.7297013533745389,0.1570949554443363,0.10303396052817716,0.10557505377127853,-7.5940461985508561e-18,7.645479423765277e-18,0.33511650960836276,2.1093105620102206e-20,-2.269846466572062e-18,0.22565819225692654,1.09375,0.012573041435231131,0.14225458675772087
