# source: Vasconcelos, Wright and Roe (2006) Fig. 3 -- raster image vasconcelos2006_p06_Im3.tiff extracted from the
#   publisher PDF at native resolution (see results/_p6/figures_native/).
# quantity: pressure head (m) at x = 9.9 m, SI.  time zero = the event.
# note: figure ordinate is pressure head VARIATION; +0.073 m (the initial water level, paper p. 557) is added here so the CSV is gauge head at the transducer, which is what matrix.yaml datum 0.0 compares to
# x calibration (px -> s):   117.5 -> 0.0   885.0 -> 15.0  (axis box = axis limits)
# y calibration (px -> val): 18.0 -> 0.4   634.5 -> 0.0  (axis box = axis limits)
# open model markers removed by hole-filling; per-column longest ink run.
# digitized 2026-08-31 by scripts/digitize/vasconcelos_bilevel.py fig3_e2_p99
time_s,head_m
0.0489,0.07722
0.0684,0.07689
0.0879,0.07657
0.1075,0.07592
0.1270,0.07560
0.1466,0.07560
0.1661,0.07560
0.1857,0.07560
0.2052,0.07560
0.2443,0.07527
0.2638,0.07592
0.2834,0.07560
0.3029,0.07527
0.3225,0.07527
0.3420,0.07560
0.3616,0.07560
0.4007,0.07560
0.4202,0.07560
0.4397,0.07560
0.4788,0.07527
0.4984,0.07592
0.5179,0.07560
0.5375,0.07560
0.5570,0.07560
0.5765,0.07560
0.5961,0.07560
0.6156,0.07527
0.6352,0.07560
0.6547,0.07560
0.6743,0.07592
0.6938,0.07527
0.7134,0.07527
0.7329,0.07592
0.7524,0.07592
0.7720,0.07624
0.7915,0.08079
0.8111,0.08079
0.8306,0.08079
0.8502,0.07884
0.8697,0.07916
0.8893,0.07949
0.9088,0.07852
0.9283,0.07852
0.9479,0.07884
0.9674,0.07884
0.9870,0.07916
1.0065,0.07949
1.0261,0.07819
1.0456,0.07722
1.0651,0.07689
1.0847,0.07657
1.1042,0.07624
1.1238,0.07657
1.1433,0.07657
1.1629,0.07657
1.1824,0.07689
1.2020,0.07852
1.2215,0.07884
1.2410,0.07884
1.2606,0.07884
1.2801,0.07819
1.2997,0.07722
1.3192,0.07689
1.3388,0.07689
1.3583,0.07689
1.3779,0.07722
1.3974,0.07754
1.4169,0.07819
1.4365,0.07884
1.4560,0.07852
1.4756,0.07819
1.4951,0.07722
1.5147,0.07722
1.5342,0.07689
1.5537,0.07657
1.5733,0.07657
1.5928,0.07722
1.6124,0.07852
1.6319,0.07884
1.6515,0.07884
1.6710,0.07852
1.6906,0.07787
1.7101,0.07722
1.7296,0.07657
1.7492,0.07657
1.7687,0.07657
1.7883,0.07657
1.8078,0.07689
1.8274,0.07689
1.8469,0.07754
1.8664,0.07852
1.8860,0.07884
1.9055,0.07884
1.9251,0.07819
1.9446,0.07754
1.9642,0.07722
1.9837,0.07657
2.0033,0.07657
2.0228,0.07689
2.0423,0.07722
2.0619,0.07787
2.0814,0.07852
2.1010,0.07884
2.1205,0.07852
2.1401,0.07819
2.1596,0.07722
2.1792,0.07689
2.1987,0.07657
2.2182,0.07689
2.2378,0.07689
2.2573,0.07722
2.2769,0.07819
2.2964,0.07884
2.3160,0.07884
2.3355,0.07819
2.3550,0.07722
2.3746,0.07722
2.3941,0.07689
2.4137,0.07624
2.4332,0.07624
2.4528,0.07657
2.4723,0.07689
2.4919,0.07722
2.5114,0.07787
2.5309,0.07852
2.5505,0.07852
2.5700,0.07852
2.5896,0.07787
2.6091,0.07754
2.6287,0.07689
2.6482,0.07657
2.6678,0.07657
2.6873,0.07689
2.7068,0.07689
2.7264,0.07787
2.7459,0.07819
2.7655,0.07884
2.7850,0.07852
2.8046,0.07787
2.8241,0.07722
2.8436,0.07689
2.8632,0.07657
2.8827,0.07657
2.9023,0.07624
2.9218,0.07689
2.9414,0.07689
2.9609,0.07722
2.9805,0.07787
3.0000,0.07852
3.0195,0.07884
3.0391,0.07819
3.0586,0.07754
3.0782,0.07689
3.0977,0.07657
3.1173,0.07657
3.1368,0.07689
3.1564,0.07722
3.1759,0.07754
3.1954,0.07852
3.2150,0.07884
3.2345,0.07852
3.2541,0.07787
3.2736,0.07689
3.2932,0.07689
3.3127,0.07624
3.3322,0.07689
3.3518,0.07689
3.3713,0.07722
3.3909,0.07787
3.4104,0.07852
3.4300,0.07852
3.4495,0.07787
3.4691,0.07754
3.4886,0.07689
3.5081,0.07689
3.5277,0.07689
3.5472,0.07624
3.5668,0.07624
3.5863,0.07657
3.6059,0.07722
3.6254,0.07754
3.6450,0.07787
3.6645,0.07852
3.6840,0.07852
3.7036,0.07787
3.7231,0.07722
3.7427,0.07689
3.7622,0.07657
3.7818,0.07722
3.8013,0.07722
3.8208,0.07689
3.8404,0.07819
3.8599,0.07819
3.8795,0.07884
3.8990,0.07852
3.9186,0.07754
3.9381,0.07754
3.9577,0.07722
3.9772,0.07689
3.9967,0.07657
4.0163,0.07689
4.0358,0.07754
4.0554,0.07819
4.0749,0.07884
4.0945,0.07852
4.1140,0.07787
4.1336,0.07722
4.1531,0.07689
4.1726,0.07722
4.1922,0.07722
4.2117,0.07689
4.2313,0.07689
4.2508,0.07722
4.2704,0.07722
4.2899,0.07722
4.3094,0.07852
4.3290,0.07852
4.3485,0.07819
4.3681,0.07754
4.3876,0.07722
4.4072,0.07722
4.4267,0.07722
4.4463,0.07722
4.4658,0.07689
4.4853,0.07722
4.5049,0.07722
4.5244,0.07852
4.5440,0.07852
4.5635,0.07852
4.5831,0.07754
4.6026,0.07722
4.6221,0.07689
4.6417,0.07722
4.6612,0.07722
4.6808,0.07722
4.7003,0.07787
4.7199,0.07787
4.7394,0.07819
4.7590,0.07819
4.7785,0.07787
4.7980,0.07722
4.8176,0.07722
4.8371,0.07722
4.8567,0.07689
4.8762,0.07689
4.8958,0.07722
4.9153,0.07722
4.9349,0.07689
4.9544,0.07722
4.9739,0.07787
4.9935,0.07884
5.0130,0.07852
5.0326,0.07754
5.0521,0.07754
5.0717,0.07722
5.0912,0.07689
5.1107,0.07722
5.1303,0.07722
5.1498,0.07722
5.1694,0.07819
5.1889,0.07819
5.2085,0.07884
5.2280,0.07722
5.2476,0.07722
5.2671,0.07689
5.2866,0.07689
5.3062,0.07689
5.3257,0.07689
5.3453,0.07722
5.3648,0.07722
5.3844,0.07819
5.4039,0.07884
5.4235,0.07852
5.4430,0.07754
5.4625,0.07722
5.4821,0.07722
5.5016,0.07689
5.5212,0.07722
5.5407,0.07722
5.5603,0.07689
5.5798,0.07689
5.5993,0.07722
5.6189,0.07787
5.6384,0.07819
5.6580,0.07852
5.6775,0.07787
5.6971,0.07754
5.7166,0.07722
5.7362,0.07689
5.7557,0.07689
5.7752,0.07689
5.7948,0.07689
5.8143,0.07722
5.8339,0.07819
5.8534,0.07852
5.8730,0.07819
5.8925,0.07722
5.9121,0.07722
5.9316,0.07722
5.9511,0.07689
5.9707,0.07722
5.9902,0.07722
6.0098,0.07722
6.0293,0.07852
6.0489,0.07852
6.0684,0.07852
6.0879,0.07754
6.1075,0.07722
6.1270,0.07787
6.1466,0.07852
6.1661,0.07852
6.1857,0.08046
6.2052,0.08598
6.2248,0.08630
6.2443,0.08727
6.2638,0.10025
6.2834,0.10058
6.3029,0.11647
6.3225,0.11744
6.3420,0.12555
6.3616,0.12750
6.3811,0.13010
6.4007,0.12977
6.4202,0.13139
6.4397,0.13107
6.4593,0.13172
6.4788,0.13204
6.4984,0.13204
6.5179,0.13204
6.5375,0.13204
6.5570,0.13237
6.5765,0.13399
6.5961,0.13204
6.6156,0.13950
6.6352,0.13950
6.6547,0.13950
6.6743,0.14924
6.6938,0.15021
6.7134,0.13950
6.7329,0.12685
6.7524,0.12653
6.7720,0.14048
6.7915,0.14048
6.8111,0.14048
6.8306,0.14015
6.8502,0.14048
6.8697,0.13983
6.8893,0.13950
6.9088,0.13821
6.9283,0.13756
6.9479,0.13821
6.9674,0.13821
6.9870,0.13756
7.0065,0.13756
7.0456,0.21282
7.0651,0.21282
7.1238,0.14145
7.1433,0.14242
7.1629,0.14275
7.1824,0.14275
7.2020,0.14275
7.2215,0.14242
7.2410,0.14242
7.3192,0.14534
7.3388,0.14567
7.3583,0.14567
7.3779,0.14567
7.3974,0.14502
7.4169,0.14502
7.4365,0.14437
7.4560,0.14470
7.4756,0.13107
7.5537,0.07527
7.5928,0.13496
7.6124,0.14826
7.6319,0.14826
7.6515,0.14826
7.6710,0.13496
7.7101,0.07527
7.7296,0.15573
7.7492,0.15573
7.7687,0.15573
7.7883,0.15605
7.8078,0.15410
7.8274,0.15410
7.8469,0.15410
7.8664,0.15378
7.9055,0.15410
7.9251,0.15443
7.9837,0.16027
8.0033,0.14632
8.0228,0.16124
8.0423,0.16189
8.0619,0.17259
8.0814,0.16286
8.1010,0.16513
8.1205,0.16513
8.1401,0.16546
8.1596,0.16513
8.1792,0.16448
8.1987,0.16416
8.2182,0.16416
8.2378,0.16448
8.2573,0.16384
8.2769,0.17519
8.2964,0.17519
8.3160,0.17487
8.3355,0.17487
8.3550,0.19206
8.3746,0.24234
8.3941,0.26959
8.4137,0.26927
8.4332,0.26278
8.4528,0.19141
8.4723,0.19141
8.4919,0.13302
8.5114,0.18719
8.5309,0.18168
8.5505,0.18168
8.5700,0.12977
8.5896,0.17097
8.6091,0.17097
8.6287,0.17097
8.6482,0.17097
8.6678,0.16773
8.6873,0.17032
8.7068,0.17227
8.7264,0.19757
8.7459,0.18460
8.7655,0.19595
8.7850,0.20147
8.8046,0.19757
8.8241,0.20082
8.8436,0.19887
8.8632,0.19920
8.8827,0.20374
8.9023,0.20439
8.9218,0.20568
8.9414,0.20439
8.9609,0.20471
8.9805,0.20471
9.0000,0.20828
9.0195,0.20828
9.0391,0.20860
9.0586,0.20925
9.0782,0.20925
9.0977,0.20374
9.1173,0.20828
9.1368,0.20990
9.1564,0.20990
9.1759,0.21055
9.1954,0.21217
9.2150,0.21477
9.2345,0.21542
9.2541,0.21639
9.2736,0.21736
9.2932,0.21704
9.3127,0.21834
9.3322,0.21834
9.3518,0.22126
9.3713,0.22191
9.3909,0.22288
9.4104,0.22385
9.4300,0.22385
9.4495,0.22385
9.4691,0.22515
9.4886,0.22515
9.5081,0.22515
9.5277,0.22580
9.5472,0.22710
9.5668,0.23066
9.5863,0.23099
9.6059,0.23099
9.6254,0.23261
9.6450,0.23391
9.6645,0.23391
9.6840,0.23423
9.7036,0.23715
9.7231,0.23780
9.7427,0.23813
9.7622,0.23813
9.7818,0.23877
9.8013,0.24397
9.8208,0.24494
9.8404,0.24526
9.8599,0.24688
9.8795,0.24656
9.8990,0.24656
9.9186,0.24656
9.9381,0.24753
9.9577,0.24753
9.9772,0.25143
9.9967,0.25175
10.0163,0.25208
10.0358,0.25208
10.0554,0.25143
10.0749,0.25143
10.0945,0.25402
10.1140,0.25629
10.1336,0.25662
10.1531,0.25824
10.1726,0.25791
10.1922,0.25727
10.2117,0.25662
10.2313,0.25824
10.2508,0.25856
10.2704,0.25921
10.2899,0.26051
10.3094,0.26181
10.3290,0.26343
10.3485,0.26570
10.3681,0.26603
10.3876,0.26700
10.4072,0.26570
10.4267,0.26667
10.4463,0.26992
10.4658,0.27024
10.4853,0.27349
10.5049,0.27316
10.5244,0.27349
10.5440,0.27511
10.5635,0.27511
10.5831,0.27641
10.6026,0.28095
10.6221,0.26959
10.6417,0.26959
10.6612,0.27933
10.6808,0.28095
10.7003,0.28095
10.7199,0.28160
10.7394,0.28225
10.7590,0.28289
10.7785,0.28452
10.7980,0.28549
10.8176,0.28581
10.8371,0.28646
10.8567,0.28809
10.8762,0.28841
10.8958,0.29003
10.9153,0.29068
10.9349,0.29100
10.9544,0.29133
10.9739,0.29165
10.9935,0.29133
11.0130,0.29133
11.0326,0.29198
11.0521,0.29490
11.0717,0.29620
11.0912,0.29684
11.1107,0.29814
11.1303,0.29782
11.1498,0.29976
11.1694,0.30009
11.1889,0.30041
11.2085,0.30074
11.2280,0.30203
11.2476,0.30301
11.2671,0.30268
11.2866,0.30366
11.3062,0.30398
11.3257,0.30690
11.3453,0.30723
11.3648,0.30723
11.3844,0.30560
11.4039,0.30625
11.4235,0.30560
11.4430,0.30625
11.4625,0.30950
11.4821,0.30950
11.5016,0.31079
11.5212,0.31177
11.5407,0.31177
11.5603,0.31209
11.5798,0.31209
11.5993,0.31469
11.6189,0.31501
11.6384,0.31631
11.6580,0.31598
11.6775,0.31598
11.6971,0.31631
11.7166,0.31728
11.7362,0.31890
11.7557,0.31890
11.7752,0.31923
11.7948,0.31955
11.8143,0.31988
11.8339,0.32182
11.8534,0.32215
11.8730,0.32312
11.8925,0.32345
11.9121,0.32312
11.9316,0.32312
11.9511,0.32637
11.9707,0.32669
11.9902,0.32604
12.0098,0.32766
12.0293,0.32766
12.0489,0.32831
12.0684,0.32864
12.0879,0.32182
12.1075,0.32182
12.1270,0.32150
12.1466,0.32215
12.1857,0.33610
12.2052,0.33642
12.2248,0.33675
12.2443,0.33675
12.2638,0.33707
12.2834,0.33707
12.3029,0.33707
12.3225,0.33740
12.3420,0.33740
12.3616,0.33740
12.3811,0.33707
12.4007,0.33675
12.4202,0.33512
12.4593,0.33156
12.4788,0.33156
12.4984,0.34291
12.5179,0.34194
12.5375,0.34161
12.5570,0.34194
12.5765,0.34194
12.5961,0.33058
12.6156,0.34291
12.6352,0.33091
12.6547,0.33123
12.7329,0.33285
12.7524,0.33383
12.7720,0.33383
12.7915,0.33350
12.8111,0.33383
12.8306,0.33285
12.8502,0.34875
12.8697,0.34875
12.8893,0.34875
12.9088,0.34875
12.9283,0.34875
12.9479,0.34875
12.9674,0.35070
12.9870,0.34713
13.0065,0.34907
13.0261,0.34972
13.0456,0.34680
13.0651,0.34810
13.0847,0.34648
13.1042,0.34648
13.1238,0.35070
13.1433,0.35037
13.1629,0.35037
13.1824,0.35070
13.2020,0.35102
13.2215,0.35362
13.2410,0.35329
13.2606,0.35199
13.2801,0.35199
13.2997,0.35362
13.3192,0.35167
13.3388,0.35199
13.3583,0.35394
13.3779,0.35427
13.3974,0.35427
13.4169,0.35394
13.4365,0.35329
13.4560,0.35297
13.4756,0.35297
13.4951,0.35329
13.5147,0.36627
13.5342,0.36594
13.5537,0.35718
13.5733,0.35718
13.5928,0.35718
13.6124,0.35686
13.6319,0.35718
13.6515,0.36043
13.6710,0.36043
13.6906,0.36010
13.7101,0.35783
13.7296,0.35816
13.7492,0.35848
13.7687,0.36043
13.7883,0.36108
13.8078,0.36173
13.8274,0.36075
13.8469,0.36043
13.8664,0.36010
13.8860,0.36010
13.9055,0.36043
13.9251,0.36108
13.9446,0.36108
13.9642,0.36173
13.9837,0.36270
14.0033,0.36238
14.0228,0.36205
14.0423,0.36205
14.0619,0.36140
14.0814,0.36140
14.1010,0.36432
14.1205,0.36432
14.1401,0.36400
14.1596,0.36367
14.1792,0.36400
14.1987,0.36400
14.2182,0.36335
14.2378,0.36367
14.2573,0.36400
14.2769,0.37016
14.2964,0.36562
14.3160,0.36562
14.3355,0.36530
14.3550,0.36562
14.3746,0.36302
14.3941,0.36562
14.4137,0.36627
14.4332,0.36627
14.4528,0.36659
14.4723,0.36659
14.4919,0.36659
14.5114,0.36627
14.5309,0.36594
14.5505,0.36627
14.5700,0.36627
14.5896,0.36627
14.6091,0.36789
14.6287,0.36919
14.6482,0.36789
14.6678,0.36724
14.6873,0.36659
14.7068,0.36659
14.7264,0.36659
14.7459,0.36789
14.7655,0.36789
14.7850,0.37016
14.8046,0.36821
14.8241,0.36789
14.8436,0.36789
14.8632,0.36821
14.8827,0.36821
14.9023,0.36919
14.9218,0.38379
14.9414,0.38379
14.9609,0.37146
14.9805,0.37081
